InChIKey,SMILES,Carcinogenicity_target
FBPFZTCFMRRESA-KVTDHHQDSA-N,OC[C@@H](O)[C@@H](O)[C@H](O)[C@H](O)CO,0
SNIOPGDIGTZGOP-UHFFFAOYSA-N,O=[N+]([O-])OCC(CO[N+](=O)[O-])O[N+](=O)[O-],1
GLVAUDGFNGKCSF-UHFFFAOYSA-N,S=c1nc[nH]c2nc[nH]c12,0
ACGUYXCXAPNIKK-UHFFFAOYSA-N,Oc1c(Cl)cc(Cl)c(Cl)c1Cc1c(O)c(Cl)cc(Cl)c1Cl,0
GHASVSINZRGABV-UHFFFAOYSA-N,O=c1[nH]cc(F)c(=O)[nH]1,0
JZUFKLXOESDKRF-UHFFFAOYSA-N,NS(=O)(=O)c1cc2c(cc1Cl)NCNS2(=O)=O,0
RJMUSRYZPJIFPJ-UHFFFAOYSA-N,O=C(Nc1ccc([N+](=O)[O-])cc1Cl)c1cc(Cl)ccc1O,0
RFHAOTPXVQNOHP-UHFFFAOYSA-N,OC(Cn1cncn1)(Cn1cncn1)c1ccc(F)cc1F,1
MQJKPEGWNLWLTK-UHFFFAOYSA-N,Nc1ccc(S(=O)(=O)c2ccc(N)cc2)cc1,1
QIGBRXMKCJKVMJ-UHFFFAOYSA-N,Oc1ccc(O)cc1,1
NXFQHRVNIOXGAQ-OQFOIZHKSA-N,O=C1CN(/N=C/c2ccc([N+](=O)[O-])o2)C(=O)N1,1
IAIWVQXQOWNYOU-BAQGIRSFSA-N,NC(=O)N/N=C/c1ccc([N+](=O)[O-])o1,1
MCJGNVYPOGVAJF-UHFFFAOYSA-N,Oc1cccc2cccnc12,0
WKGXYQFOCVYPAC-UHFFFAOYSA-N,NC(=O)OCC(COC(N)=O)c1ccccc1,1
WPYMKLBDIGXBTP-UHFFFAOYSA-M,O=C([O-])c1ccccc1,0
FNYLWPVRPXGIIP-UHFFFAOYSA-N,Nc1nc(N)c2nc(-c3ccccc3)c(N)nc2n1,0
ADIMAYPTOBDMTL-UHFFFAOYSA-N,O=C1Nc2ccc(Cl)cc2C(c2ccccc2)=NC1O,0
FSVJFNAIGNNGKK-UHFFFAOYSA-N,O=C(C1CCCCC1)N1CC(=O)N2CCc3ccccc3C2C1,0
HOMGKSMUEGBAAB-UHFFFAOYSA-N,O=P1(NCCCl)OCCCN1CCCl,1
FOCVUCIESVLUNU-UHFFFAOYSA-N,S=P(N1CC1)(N1CC1)N1CC1,1
QRXWMOHMRWLFEY-UHFFFAOYSA-N,NNC(=O)c1ccncc1,1
CMSMOCZEIVJLDB-UHFFFAOYSA-N,O=P1(N(CCCl)CCCl)NCCCO1,1
VEZXCJBBBCKRPI-UHFFFAOYSA-N,O=C1CCO1,1
NMUSYJAQQFHJEW-KVTDHHQDSA-N,Nc1ncn([C@@H]2O[C@H](CO)[C@@H](O)[C@H]2O)c(=O)n1,1
UREBDLICKHMUKA-CXSFZGCWSA-N,C[C@@H]1C[C@H]2[C@@H]3CCC4=CC(=O)C=C[C@]4(C)[C@@]3(F)[C@@H](O)C[C@]2(C)[C@@]1(O)C(=O)CO,0
YNDXUCZADRHECN-JNQJZLCISA-N,CC1(C)O[C@@H]2C[C@H]3[C@@H]4CCC5=CC(=O)C=C[C@]5(C)[C@@]4(F)[C@@H](O)C[C@]3(C)[C@]2(C(=O)CO)O1,1
OIGNJSKKLXVSLS-VWUMJDOOSA-N,C[C@]12C[C@H](O)[C@H]3[C@@H](CCC4=CC(=O)C=C[C@@]43C)[C@@H]1CC[C@]2(O)C(=O)CO,1
BFPYWIDHMRZLRN-SLHNCBLASA-N,C#C[C@]1(O)CC[C@H]2[C@@H]3CCc4cc(O)ccc4[C@H]3CC[C@@]21C,1
JYGXADMDTFJGBT-VWUMJDOOSA-N,C[C@]12C[C@H](O)[C@H]3[C@@H](CCC4=CC(=O)CC[C@@]43C)[C@@H]1CC[C@]2(O)C(=O)CO,0
JVTAAEKCZFNVCJ-UHFFFAOYSA-M,CC(O)C(=O)[O-],0
CPTBDICYNRMXFX-UHFFFAOYSA-N,CNNCc1ccc(C(=O)NC(C)C)cc1,1
IMONTRJLAWHYGT-ZCPXKWAGSA-N,C#C[C@]1(OC(C)=O)CC[C@H]2[C@@H]3CCC4=CC(=O)CC[C@@H]4[C@H]3CC[C@@]21C,1
BSYNRYMUTXBXSQ-UHFFFAOYSA-N,CC(=O)Oc1ccccc1C(=O)O,0
RGLYKWWBQGJZGM-ISLYRVAYSA-N,CC/C(=C(/CC)c1ccc(O)cc1)c1ccc(O)cc1,1
BPLBGHOLXOTWMN-MBNYWOFBSA-M,CC1(C)S[C@@H]2[C@H](NC(=O)COc3ccccc3)C(=O)N2[C@H]1C(=O)[O-],0
IRYJRGCIQBGHIV-UHFFFAOYSA-N,CN1C(=O)OC(C)(C)C1=O,0
ZAKOWWREFLAJOT-UHFFFAOYSA-N,CC(=O)Oc1c(C)c(C)c2c(c1C)CCC(C)(CCCC(C)CCCC(C)CCCC(C)C)O2,0
NWIBSHFKIJFRCO-WUDYKRTCSA-N,CO[C@@]12[C@H](COC(N)=O)C3=C(C(=O)C(C)=C(N)C3=O)N1C[C@@H]1N[C@@H]12,1
RZEKVGVHFLEQIL-UHFFFAOYSA-N,Cc1ccc(-c2cc(C(F)(F)F)nn2-c2ccc(S(N)(=O)=O)cc2)cc1,0
SUBDBMMJDZJVOS-UHFFFAOYSA-N,COc1ccc2nc(S(=O)Cc3ncc(C)c(OC)c3C)[nH]c2c1,1
ZRVUJXDFFKFLMG-UHFFFAOYSA-N,Cc1cnc(NC(=O)C2=C(O)c3ccccc3S(=O)(=O)N2C)s1,0
VAOCPAMSLUNLGC-UHFFFAOYSA-N,Cc1ncc([N+](=O)[O-])n1CCO,1
ULGZDMOVFRHVEP-RWJQBGPGSA-O,CC[C@H]1OC(=O)[C@H](C)[C@@H](O[C@H]2C[C@@](C)(OC)[C@@H](O)[C@H](C)O2)[C@H](C)[C@@H](O[C@@H]2O[C@H](C)C[C@H]([NH+](C)C)[C@H]2O)[C@](C)(O)C[C@@H](C)C(=O)[C@H](C)[C@@H](O)[C@]1(C)O,0
AZSNMRSAGSSBNP-XPNPUAGNSA-N,CC[C@H](C)[C@H]1O[C@]2(CC[C@@H]1C)C[C@@H]1C[C@@H](C/C=C(\C)[C@@H](O[C@H]3C[C@H](OC)[C@@H](O[C@H]4C[C@H](OC)[C@@H](O)[C@H](C)O4)[C@H](C)O3)[C@@H](C)/C=C/C=C3\CO[C@@H]4[C@H](O)C(C)=C[C@@H](C(=O)O1)[C@]34O)O2,0
PCZOHLXUXFIOCF-BXMDZJJMSA-N,CC[C@H](C)C(=O)O[C@H]1C[C@@H](C)C=C2C=C[C@H](C)[C@H](CC[C@@H]3C[C@@H](O)CC(=O)O3)[C@H]21,0
QCHFTSOMWOSFHM-WPRPVWTQSA-N,CC[C@@H]1C(=O)OC[C@@H]1Cc1cncn1C,0
AEOCXXJPGCBFJA-UHFFFAOYSA-N,CCc1cc(C(N)=S)ccn1,0
NIJJYAXOARWZEE-UHFFFAOYSA-M,CCCC(CCC)C(=O)[O-],1
OJLOPKGSLYJEMD-URPKTTJQSA-N,CCCCC(C)(O)C/C=C/[C@H]1[C@H](O)CC(=O)[C@@H]1CCCCCCC(=O)OC,0
ZQPPMHVWECSIRJ-KTKRTIGZSA-M,CCCCCCCC/C=C\CCCCCCCC(=O)[O-],0
VYGQUTWHTHXGQB-FFHKNEKCSA-N,CCCCCCCCCCCCCCCC(=O)OC/C=C(C)/C=C/C=C(C)/C=C/C1=C(C)CCCC1(C)C,0
FIPWRIJSWJWJAI-UHFFFAOYSA-N,CCCCOCCOCCOCc1cc2c(cc1CCC)OCO2,1
WHNWPMSKXPGLAX-UHFFFAOYSA-N,C=CN1CCCC1=O,1
KNHUKKLJHYUCFP-UHFFFAOYSA-N,CCOC(=O)C(C)(C)Oc1ccc(Cl)cc1,1
JXSJBGJIGXNWCI-UHFFFAOYSA-N,CCOC(=O)CC(SP(=S)(OC)OC)C(=O)OCC,0
ZSJLQEPLLKMAKR-GKHCUFPYSA-N,CN(N=O)C(=O)N[C@H]1[C@@H](O)O[C@H](CO)[C@@H](O)[C@@H]1O,1
FBOZXECLQNJBKD-ZDUSSCGKSA-N,CN(Cc1cnc2nc(N)nc(N)c2n1)c1ccc(C(=O)N[C@@H](CCC(=O)O)C(=O)O)cc1,0
QYSPLQLAKJAUJT-UHFFFAOYSA-N,CN1C(C(=O)Nc2ccccn2)=C(O)c2ccccc2S1(=O)=O,0
ZFXYFBGIUFBOJW-UHFFFAOYSA-N,Cn1c(=O)c2[nH]cnc2n(C)c1=O,0
AAOVKJBEBIDNHE-UHFFFAOYSA-N,CN1C(=O)CN=C(c2ccccc2)c2cc(Cl)ccc21,0
PMRYVIKBURPHAH-UHFFFAOYSA-N,Cn1cc[nH]c1=S,1
RYYVLZVUVIJVGH-UHFFFAOYSA-N,Cn1c(=O)c2c(ncn2C)n(C)c1=O,0
QXKHYNVANLEOEG-UHFFFAOYSA-N,COc1c2occc2cc2ccc(=O)oc12,1
BFPSDSIWYFKGBC-UHFFFAOYSA-N,COc1ccc(C(Cl)=C(c2ccc(OC)cc2)c2ccc(OC)cc2)cc1,0
NWVVVBRKAWDGAB-UHFFFAOYSA-N,COc1ccc(O)cc1,1
ONKUMRGIYFNPJW-KIEAKMPYSA-N,C#C[C@]1(OC(C)=O)CC[C@H]2[C@@H]3CCC4=C[C@@H](OC(C)=O)CC[C@@H]4[C@H]3CC[C@@]21C,0
SEQDDYPDSLOBDC-UHFFFAOYSA-N,CN1C(=O)C(O)N=C(c2ccccc2)c2cc(Cl)ccc21,0
CXOFVDLJLONNDW-UHFFFAOYSA-N,O=C1NC(=O)C(c2ccccc2)(c2ccccc2)N1,0
OENHQHLEOONYIE-JLTXGRSLSA-N,CC1=C(/C=C/C(C)=C/C=C/C(C)=C/C=C/C=C(C)/C=C/C=C(C)/C=C/C2=C(C)CCCC2(C)C)C(C)(C)CCC1,0
RZVAJINKPMORJF-UHFFFAOYSA-N,CC(=O)Nc1ccc(O)cc1,1
LMEKQMALGUDUQG-UHFFFAOYSA-N,Cn1cnc([N+](=O)[O-])c1Sc1ncnc2nc[nH]c12,0
DQMZLTXERSFNPB-UHFFFAOYSA-N,CCC1(c2ccccc2)C(=O)NCNC1=O,0
HBOMLICNUCNMMY-XLPZGREQSA-N,Cc1cn([C@H]2C[C@H](N=[N+]=[N-])[C@@H](CO)O2)c(=O)[nH]c1=O,1
BRLQWZUYTZBJKN-UHFFFAOYSA-N,ClCC1CO1,1
WKSAUQYGYAYLPV-UHFFFAOYSA-N,CCc1nc(N)nc(N)c1-c1ccc(Cl)cc1,0
KNAHARQHSZJURB-UHFFFAOYSA-N,CCCc1cc(=O)[nH]c(=S)[nH]1,1
CYQFCXCEBYINGO-IAGOWNOFSA-N,CCCCCc1cc(O)c2c(c1)OC(C)(C)[C@@H]1CCC(C)=C[C@@H]21,0
OMPJBNCRMGITSC-UHFFFAOYSA-N,O=C(OOC(=O)c1ccccc1)c1ccccc1,0
CDCHDCWJMGXXRH-UHFFFAOYSA-N,Clc1ccc2c(c1)C(c1ccccc1)=NCc1nncn1-2,0
IPEHBUMCGVEMRF-UHFFFAOYSA-N,NC(=O)c1cnccn1,0
AQHHHDLHHXJYJD-UHFFFAOYSA-N,CC(C)NCC(O)COc1cccc2ccccc12,0
AUZONCFQVSMFAP-UHFFFAOYSA-N,CCN(CC)C(=S)SSC(=S)N(CC)CC,0
MWQCHHACWWAQLJ-UHFFFAOYSA-N,O=C1CN=C(c2ccccc2)c2cc(Cl)ccc2N1CC1CC1,0
SOYKEARSMXGVTM-UHFFFAOYSA-O,C[NH+](C)CCC(c1ccc(Cl)cc1)c1ccccn1,0
RHMXXJGYXNZAPX-UHFFFAOYSA-N,Cc1cc(O)c2c(c1)C(=O)c1cc(O)cc(O)c1C2=O,0
QBPFLULOKWLNNW-UHFFFAOYSA-N,O=C1c2cccc(O)c2C(=O)c2c(O)cccc21,1
BTLXPCBPYBNQNR-UHFFFAOYSA-N,O=C1c2ccccc2C(=O)c2c(O)cccc21,1
LNTHITQWFMADLM-UHFFFAOYSA-N,O=C(O)c1cc(O)c(O)c(O)c1,0
RRAFCDWBNXTKKO-UHFFFAOYSA-N,C=CCc1ccc(O)c(OC)c1,0
NOOLISFMXDJSKH-UHFFFAOYSA-N,CC1CCC(C(C)C)C(O)C1,0
ZYGHJZDHTFUPRJ-UHFFFAOYSA-N,O=c1ccc2ccccc2o1,1
UFWIBTONFRDIAS-UHFFFAOYSA-N,c1ccc2ccccc2c1,1
CZIHNRWJTSTCEX-UHFFFAOYSA-N,CC(=O)Nc1ccc2c(c1)Cc1ccccc1-2,1
PPQNQXQZIWHJRB-UHFFFAOYSA-N,Cc1ccc2cc3c(ccc4ccccc43)c3c2c1CC3,1
VGZSUPCWNCWDAN-UHFFFAOYSA-N,CC(=O)c1ccc(S(=O)(=O)NC(=O)NC2CCCCC2)cc1,0
OQIQSTLJSLGHID-UHFFFAOYSA-N,COc1cc2c(c3oc(=O)c4c(c13)CCC4=O)C1C=COC1O2,1
SLXKOJJOQWFEFD-UHFFFAOYSA-N,NCCCCCC(=O)O,0
GXDALQBWZGODGZ-UHFFFAOYSA-N,COc1ccc(CCN2CCC(Nc3nc4ccccc4n3Cc3ccc(F)cc3)CC2)cc1,0
MXWJVTOOROXGIU-UHFFFAOYSA-N,CCNc1nc(Cl)nc(NC(C)C)n1,1
GNCOVOVCHIHPHP-UHFFFAOYSA-N,CC(=O)C(N=Nc1ccc(-c2ccc(N=NC(C(C)=O)C(=O)Nc3ccccc3)c(Cl)c2)cc1Cl)C(=O)Nc1ccccc1,0
NLZUEZXRPGMBCV-UHFFFAOYSA-N,Cc1cc(C(C)(C)C)c(O)c(C(C)(C)C)c1,0
GHOSNRCGJFBJIB-UHFFFAOYSA-N,CCOc1nc2cccc(C(=O)OC(C)OC(=O)OC3CCCCC3)c2n1Cc1ccc(-c2ccccc2-c2nn[nH]n2)cc1,0
JBKVHLHDHHXQEQ-UHFFFAOYSA-N,O=C1CCCCCN1,0
JHRWWRDRBPCWTF-UHFFFAOYSA-N,O=C1C2CC=CCC2C(=O)N1SC(Cl)(Cl)C(Cl)Cl,1
JCKYGMPEJWAADB-UHFFFAOYSA-N,O=C(O)CCCc1ccc(N(CCCl)CCCl)cc1,1
LHHGDZSESBACKH-UHFFFAOYSA-N,O=C1C2(Cl)C3(Cl)C4(Cl)C(Cl)(Cl)C5(Cl)C3(Cl)C1(Cl)C5(Cl)C24Cl,1
KCXMKQUNVWSEMD-UHFFFAOYSA-N,ClCc1ccccc1,0
RKWGIWYCVPQPMF-UHFFFAOYSA-N,CCCNC(=O)NS(=O)(=O)c1ccc(Cl)cc1,0
OCJBOOLMMGQPQU-UHFFFAOYSA-N,Clc1ccc(Cl)cc1,1
KWTSXDURSIMDCE-UHFFFAOYSA-N,CC(N)Cc1ccccc1,0
VLCYCQAOQCDTCN-UHFFFAOYSA-N,NCCCC(N)(C(=O)O)C(F)F,0
RYHBNJHYFVUHQT-UHFFFAOYSA-N,C1COCCO1,1
FRCCEHPWNOQAEU-UHFFFAOYSA-N,ClC1=C(Cl)C2(Cl)C3C(Cl)C=CC3C1(Cl)C2(Cl)Cl,0
CKAPSXZOOQJIBF-UHFFFAOYSA-N,Clc1c(Cl)c(Cl)c(Cl)c(Cl)c1Cl,1
HEFNNWSXXWATRW-UHFFFAOYSA-N,CC(C)Cc1ccc(C(C)C(=O)O)cc1,0
WTDRDQBEARUVNC-UHFFFAOYSA-N,NC(Cc1ccc(O)c(O)c1)C(=O)O,0
FFEARJCKVFRZRR-UHFFFAOYSA-N,CSCCC(N)C(=O)O,0
WDRYRZXSPDWGEB-UHFFFAOYSA-N,O=C(O)c1nn(Cc2ccc(Cl)cc2Cl)c2ccccc12,0
HNJJXZKZRAWDPF-UHFFFAOYSA-N,CN(C)CCN(Cc1cccs1)c1ccccn1,1
IAKOZHOLGAGEJT-UHFFFAOYSA-N,COc1ccc(C(c2ccc(OC)cc2)C(Cl)(Cl)Cl)cc1,0
FXHOOIRPVKKKFG-UHFFFAOYSA-N,CC(=O)N(C)C,0
HAWPXGHAZFHHAD-UHFFFAOYSA-N,CN(CCCl)CCCl,1
WBNQDOYYEUMPFS-UHFFFAOYSA-N,CCN(CC)N=O,1
RFFLAFLAYFXFSW-UHFFFAOYSA-N,Clc1ccccc1Cl,0
CEMAWMOMDPGJMB-UHFFFAOYSA-N,C=CCOc1ccccc1OCC(O)CNC(C)C,0
YBRVSVVVWCFQMG-UHFFFAOYSA-N,Nc1ccc(Cc2ccc(N)cc2)cc1,1
JCYPECIVGRXBMO-UHFFFAOYSA-N,CN(C)c1ccc(N=Nc2ccccc2)cc1,1
CPJSUEIXXCENMM-UHFFFAOYSA-N,CCOc1ccc(NC(C)=O)cc1,1
ISWSIDIOOBJBQZ-UHFFFAOYSA-N,Oc1ccccc1,0
QZVCTJOXCFMACW-UHFFFAOYSA-N,CC(COc1ccccc1)N(CCCl)Cc1ccccc1,1
JUJWROOIHBZHMG-UHFFFAOYSA-N,c1ccncc1,1
GHMLBKRAJCXXBS-UHFFFAOYSA-N,Oc1cccc(O)c1,0
ZBVKEHDGYSLCCC-UHFFFAOYSA-N,CC1=C(C)C(=O)C(C(CCCCCC(=O)O)c2ccccc2)=C(C)C1=O,0
BGRDGMRNKXEXQD-UHFFFAOYSA-N,O=c1ccc(=O)[nH][nH]1,0
PPBRXRYQALVLMV-UHFFFAOYSA-N,C=Cc1ccccc1,1
NHUHCSRWZMLRLA-UHFFFAOYSA-N,Cc1noc(NS(=O)(=O)c2ccc(N)cc2)c1C,0
OUDSBRTVNLOZBN-UHFFFAOYSA-N,Cc1ccc(S(=O)(=O)NC(=O)NN2CCCCCC2)cc1,0
JLRGJRBPOGGCBT-UHFFFAOYSA-N,CCCCNC(=O)NS(=O)(=O)c1ccc(C)cc1,0
SZRPDCCEHVWOJX-UHFFFAOYSA-N,Cc1cccc(Nc2cc(Cl)nc(SCC(=O)O)n2)c1C,1
VYFYYTLLBUKUHU-UHFFFAOYSA-N,NCCc1ccc(O)c(O)c1,0
CYXKNKQEMFBLER-UHFFFAOYSA-N,C1CCC(C(CC2CCCCN2)C2CCCCC2)CC1,0
NNYBQONXHNTVIJ-UHFFFAOYSA-N,CCc1cccc2c3c([nH]c12)C(CC)(CC(=O)O)OCC3,0
NRNCYVBFPDDJNE-UHFFFAOYSA-N,NC1=NC(=O)C(c2ccccc2)O1,0
HCFDWZZGGLSKEP-UHFFFAOYSA-N,CN(C)CCOC(C)(c1ccccc1)c1ccccn1,1
KPSRODZRAIWAKH-UHFFFAOYSA-N,CC(C)(Oc1ccc(C2CC2(Cl)Cl)cc1)C(=O)O,1
PWWVAXIEGOYWEE-UHFFFAOYSA-N,CC(CN1c2ccccc2Sc2ccccc21)N(C)C,0
HGUFODBRKLSHSI-UHFFFAOYSA-N,Clc1cc2c(cc1Cl)Oc1cc(Cl)c(Cl)cc1O2,1
FGLBSLMDCBOPQK-UHFFFAOYSA-N,CC(C)[N+](=O)[O-],0
ARHWPKZXBHOEEE-UHFFFAOYSA-N,C=CCOc1ccc(CC(=O)O)cc1Cl,0
POJWUDADGALRAB-UHFFFAOYSA-N,NC(=O)NC1NC(=O)NC1=O,0
XXROGKLTLUQVRX-UHFFFAOYSA-N,C=CCO,0
VEQOALNAAJBPNY-UHFFFAOYSA-N,Cc1cc(=O)n(-c2ccccc2)n1C,1
HFACYLZERDEVSX-UHFFFAOYSA-N,Nc1ccc(-c2ccc(N)cc2)cc1,1
COVZYZSDYWQREU-UHFFFAOYSA-N,CS(=O)(=O)OCCCCOS(C)(=O)=O,0
UGOFYAXVVVXMQT-UHFFFAOYSA-N,CC(C)(OCc1ccc(-c2ccc(Cl)cc2)cc1)C(=O)O,0
MMOXZBCLCQITDF-UHFFFAOYSA-N,CCN(CC)C(=O)c1cccc(C)c1,0
ZUOUZKKEUPVFJK-UHFFFAOYSA-N,c1ccc(-c2ccccc2)cc1,1
ZZUFCTLCJUWOSV-UHFFFAOYSA-N,NS(=O)(=O)c1cc(C(=O)O)c(NCc2ccco2)cc1Cl,0
HEMJJKBWTPKOJG-UHFFFAOYSA-N,Cc1ccc(C)c(OCCCC(C)(C)C(=O)O)c1,1
RWNKSTSCBHKHTB-UHFFFAOYSA-N,ClC(Cl)=C(Cl)C(Cl)=C(Cl)Cl,1
GGLZPLKKBSSKCX-UHFFFAOYSA-N,CCSCCC(N)C(=O)O,1
WLHQHAUOOXYABV-UHFFFAOYSA-N,CN1C(C(=O)Nc2ccccn2)=C(O)c2sc(Cl)cc2S1(=O)=O,0
ANEBWFXPVPTEET-UHFFFAOYSA-N,COC(=O)C1=C(C)NC(C)=C(C(=O)OCCN2CCN(C(c3ccccc3)c3ccccc3)CC2)C1c1cccc([N+](=O)[O-])c1,0
YECBIJXISLIIDS-UHFFFAOYSA-N,COc1ccc(CN(CCN(C)C)c2ccccn2)cc1,1
VKYKSIONXSXAKP-UHFFFAOYSA-N,C1N2CN3CN1CN(C2)C3,0
BZLVMXJERCGZMT-UHFFFAOYSA-N,COC(C)(C)C,1
MHWLWQUZZRMNGJ-UHFFFAOYSA-N,CCn1cc(C(=O)O)c(=O)c2ccc(C)nc21,1
ICFJFFQQTFMIBG-UHFFFAOYSA-N,NC(N)=NC(N)=NCCc1ccccc1,0
DDBREPKUVSBGFI-UHFFFAOYSA-N,CCC1(c2ccccc2)C(=O)NC(=O)NC1=O,0
KJFMBFZCATUALV-UHFFFAOYSA-N,O=C1OC(c2ccc(O)cc2)(c2ccc(O)cc2)c2ccccc21,1
DURULFYMVIFBIR-UHFFFAOYSA-N,CC(=O)Nc1ccc(OCC(O)CNC(C)C)cc1,0
NBQKINXMPLXUET-UHFFFAOYSA-N,O=C(Nc1cccc2c(=O)cc(-c3nn[nH]n3)oc12)c1ccc(OCCCCc2ccccc2)cc1,0
DBABZHXKTCFAPX-UHFFFAOYSA-N,CCCN(CCC)S(=O)(=O)c1ccc(C(=O)O)cc1,0
KNKRKFALVUDBJE-UHFFFAOYSA-N,CC(Cl)CCl,0
ONWXNHPOAGOMTG-UHFFFAOYSA-N,CCCCC1(COC(=O)CCC(=O)O)C(=O)N(c2ccccc2)N(c2ccccc2)C1=O,0
WJCNZQLZVWNLKY-UHFFFAOYSA-N,c1ccc2[nH]c(-c3cscn3)nc2c1,0
JOYRKODLDBILNP-UHFFFAOYSA-N,CCOC(N)=O,1
YXFVVABEGXRONW-UHFFFAOYSA-N,Cc1ccccc1,1
VVQNEPGJFQJSBK-UHFFFAOYSA-N,C=C(C)C(=O)OC,0
SXRSQZLOMIGNAQ-UHFFFAOYSA-N,O=CCCCC=O,0
KUAZQDVKQLNFPE-UHFFFAOYSA-N,CN(C)C(=S)SSC(=S)N(C)C,0
CIWBSHSKHKDKBQ-JLAZNSOCSA-N,O=C1O[C@H]([C@@H](O)CO)C(O)=C1O,0
GGLZPLKKBSSKCX-YFKPBYRVSA-N,CCSCC[C@H](N)C(=O)O,1
NKANXQFJJICGDU-QPLCGJKRSA-N,CC/C(=C(\c1ccccc1)c1ccc(OCCN(C)C)cc1)c1ccccc1,1
DUGOZIWVEXMGBE-UHFFFAOYSA-N,COC(=O)C(c1ccccc1)C1CCCCN1,0
VYMDGNCVAMGZFE-UHFFFAOYSA-N,CCCCC1C(=O)N(c2ccccc2)N(c2ccccc2)C1=O,1
CGIGDMFJXJATDK-UHFFFAOYSA-N,COc1ccc2c(c1)c(CC(=O)O)c(C)n2C(=O)c1ccc(Cl)cc1,1
JSDRRTOADPPCHY-HSQYWUDLSA-N,CCOC(=O)[C@H](CCc1ccccc1)N[C@@H](C)C(=O)N1Cc2ccccc2C[C@H]1C(=O)O,0
SHGAZHPCJJPHSC-YCNIQYBTSA-N,CC1=C(/C=C/C(C)=C/C=C/C(C)=C/C(=O)O)C(C)(C)CCC1,0
CJCSPKMFHVPWAR-JTQLQIEISA-N,C[C@](N)(Cc1ccc(O)c(O)c1)C(=O)O,0
SGUAFYQXFOLMHL-ACJLOTCBSA-N,C[C@H](CCc1ccccc1)NC[C@H](O)c1ccc(O)c(C(N)=O)c1,0
PWKSKIMOESPYIA-BYPYZUCNSA-N,CC(=O)N[C@@H](CS)C(=O)O,0
AOJJSUZBOXZQNB-TZSSRYMLSA-N,COc1cccc2c1C(=O)c1c(O)c3c(c(O)c1C2=O)C[C@@](O)(C(=O)CO)C[C@@H]3O[C@H]1C[C@H](N)[C@H](O)[C@H](C)O1,1
VGKDLMBJGBXTGI-SJCJKPOMSA-N,CN[C@H]1CC[C@@H](c2ccc(Cl)c(Cl)c2)c2ccccc21,0
NDAUXUAQIAJITI-UHFFFAOYSA-N,CC(C)(C)NCC(O)c1ccc(O)c(CO)c1,1
ZZVUWRFHKOJYTH-UHFFFAOYSA-N,CN(C)CCOC(c1ccccc1)c1ccccc1,0
WFJIVOKAWHGMBH-UHFFFAOYSA-N,CCCCCCc1ccc(O)cc1O,0
YQUVCSBJEUQKSH-UHFFFAOYSA-N,O=C(O)c1ccc(O)c(O)c1,0
IYRMWMYZSQPJKC-UHFFFAOYSA-N,O=c1c(O)c(-c2ccc(O)cc2)oc2cc(O)cc(O)c12,0
AFSDNFLWKVMVRB-UHFFFAOYSA-N,O=c1oc2c(O)c(O)cc3c(=O)oc4c(O)c(O)cc1c4c23,0
GVJHHUAWPYXKBD-UHFFFAOYSA-N,Cc1c(C)c2c(c(C)c1O)CCC(C)(CCCC(C)CCCC(C)CCCC(C)C)O2,0
RKUNBYITZUJHSG-PJPHBNEVSA-N,CN1[C@H]2CC[C@@H]1CC(OC(=O)C(CO)c1ccccc1)C2,0
WIIZWVCIJKGZOK-RKDXNWHRSA-N,O=C(N[C@H](CO)[C@H](O)c1ccc([N+](=O)[O-])cc1)C(Cl)Cl,0
BJQHLKABXJIVAM-UHFFFAOYSA-N,CCCCC(CC)COC(=O)c1ccccc1C(=O)OCC(CC)CCCC,1
DJBNUMBKLMJRSA-UHFFFAOYSA-N,O=C(NCC1CCCCN1)c1cc(OCC(F)(F)F)ccc1OCC(F)(F)F,0
SMEROWZSTRWXGI-HVATVPOCSA-N,C[C@H](CCC(=O)O)[C@H]1CC[C@H]2[C@@H]3CC[C@@H]4C[C@H](O)CC[C@]4(C)[C@H]3CC[C@@]21C,0
USSIQXCVUWKGNF-UHFFFAOYSA-N,CCC(=O)C(CC(C)N(C)C)(c1ccccc1)c1ccccc1,0
JUVIOZPCNVVQFO-HBGVWJBISA-N,C=C(C)[C@H]1Cc2c(ccc3c2O[C@@H]2COc4cc(OC)c(OC)cc4[C@@H]2C3=O)O1,0
WFWLQNSHRPWKFK-UHFFFAOYSA-N,O=c1[nH]c(=O)n(C2CCCO2)cc1F,0
ISAKRJDGNUQOIC-UHFFFAOYSA-N,O=c1cc[nH]c(=O)[nH]1,1
VIROVYVQCGLCII-UHFFFAOYSA-N,CCC1(CCC(C)C)C(=O)NC(=O)NC1=O,0
CVXBEEMKQHEXEN-UHFFFAOYSA-N,CNC(=O)Oc1cccc2ccccc12,1
BMKDZUISNHGIBY-UHFFFAOYSA-N,CC(CN1CC(=O)NC(=O)C1)N1CC(=O)NC(=O)C1,1
YLQBMQCUIZJEEH-UHFFFAOYSA-N,c1ccoc1,1
ZBMZVLHSJCTVON-UHFFFAOYSA-N,CC(C)NCC(O)c1ccc(NS(C)(=O)=O)cc1,0
XWTYSIMOBUGWOL-UHFFFAOYSA-N,CC(C)(C)NCC(O)c1cc(O)cc(O)c1,1
NFACJZMKEDPNKN-UHFFFAOYSA-N,COP(=O)(OC)C(O)C(Cl)(Cl)Cl,0
QIVBCDIJIAJPQS-UHFFFAOYSA-N,NC(Cc1c[nH]c2ccccc12)C(=O)O,0
METKIMKYRPQLGS-UHFFFAOYSA-N,CC(C)NCC(O)COc1ccc(CC(N)=O)cc1,0
MZZGOOYMKKIOOX-VKHMYHEASA-N,N#[N+]/C=C(\[O-])OC[C@H](N)C(=O)O,1
XMGQYMWWDOXHJM-JTQLQIEISA-N,C=C(C)[C@H]1CC=C(C)CC1,1
RTHCYVBBDHJXIQ-UHFFFAOYSA-N,CNCCC(Oc1ccc(C(F)(F)F)cc1)c1ccccc1,0
DKYWVDODHFEZIM-UHFFFAOYSA-N,CC(C(=O)O)c1cccc(C(=O)c2ccccc2)c1,0
YVGGHNCTFXOJCH-UHFFFAOYSA-N,Clc1ccc(C(c2ccc(Cl)cc2)C(Cl)(Cl)Cl)cc1,1
UGJMXCAKCUNAIE-UHFFFAOYSA-N,NCC1(CC(=O)O)CCCCC1,1
FMMWHPNWAFZXNH-UHFFFAOYSA-N,c1ccc2c(c1)cc1ccc3cccc4ccc2c1c34,1
SOKUIEGXJHVFDV-UHFFFAOYSA-N,CC(=O)N(O)c1ccc2c(c1)Cc1ccccc1-2,1
PNVJTZOFSHSLTO-UHFFFAOYSA-N,COP(=S)(OC)Oc1ccc(SC)c(C)c1,0
LVTFSVIRYMXRSR-UHFFFAOYSA-N,Cc1cccc(N=Nc2ccc(N(C)C)cc2)c1,1
HWGBHCRJGXAGEU-UHFFFAOYSA-N,Cc1cc(=O)[nH]c(=S)[nH]1,1
LCCNCVORNKJIRZ-UHFFFAOYSA-N,CCOP(=S)(OCC)Oc1ccc([N+](=O)[O-])cc1,0
YHQDZJICGQWFHK-UHFFFAOYSA-N,O=[N+]([O-])c1cc[n+]([O-])c2ccccc12,1
BXNANOICGRISHX-UHFFFAOYSA-N,CCOP(=S)(OCC)Oc1ccc2c(C)c(Cl)c(=O)oc2c1,0
ZOJBYZNEUISWFT-UHFFFAOYSA-N,C=CCN=C=S,1
AVUYXHYHTTVPRX-UHFFFAOYSA-N,CC1CN1P(=O)(N1CC1C)N1CC1C,1
ARSRBNBHOADGJU-UHFFFAOYSA-N,Cc1c2ccccc2c(C)c2c1ccc1ccccc12,1
ZKXDGKXYMTYWTB-UHFFFAOYSA-N,O=NN1CCOCC1,1
MCWXGJITAZMZEV-UHFFFAOYSA-N,CNC(=O)CSP(=S)(OC)OC,0
OTLNPYWUJOZPPA-UHFFFAOYSA-N,O=C(O)c1ccc([N+](=O)[O-])cc1,1
PLUBXMRUUVWRLT-UHFFFAOYSA-N,CCOS(C)(=O)=O,1
OEBRKCOSUFCWJD-UHFFFAOYSA-N,COP(=O)(OC)OC=C(Cl)Cl,1
DENRZWYUOJLTMF-UHFFFAOYSA-N,CCOS(=O)(=O)OCC,1
HNYOPLTXPVRDBG-UHFFFAOYSA-N,O=C1CC(=O)NC(=O)N1,0
KDYQVUUCWUPJGE-UHFFFAOYSA-N,CCN(CC)CCOc1ccc(C(O)(Cc2ccc(OC)cc2)c2ccccc2)cc1,0
ZMXDDKWLCZADIW-UHFFFAOYSA-N,CN(C)C=O,0
PXSOHRWMIRDKMP-UHFFFAOYSA-N,O=C1C=C(N2CC2)C(=O)C(N2CC2)=C1N1CC1,1
AHJKRLASYNVKDZ-UHFFFAOYSA-N,Clc1ccc(C(c2ccc(Cl)cc2)C(Cl)Cl)cc1,0
UCNVFOCBFJOQAL-UHFFFAOYSA-N,ClC(Cl)=C(c1ccc(Cl)cc1)c1ccc(Cl)cc1,0
QFMDFTQOJHFVNR-UHFFFAOYSA-N,CCc1ccc(C(c2ccc(CC)cc2)C(Cl)Cl)cc1,0
ZRMMVODKVLXCBB-UHFFFAOYSA-N,c1ccc(Nc2ccc(Nc3ccccc3)cc2)cc1,0
GOOHAUXETOMSMM-UHFFFAOYSA-N,CC1CO1,1
DKGAVHZHDRPRBM-UHFFFAOYSA-N,CC(C)(C)O,1
VUNCWTMEJYMOOR-UHFFFAOYSA-N,ClC1=C(Cl)C(Cl)(Cl)C(Cl)=C1Cl,0
OPNPQXLQERQBBV-UHFFFAOYSA-N,CCC(Br)(CC)C(=O)NC(N)=O,0
MBDNRNMVTZADMQ-UHFFFAOYSA-N,O=S1(=O)CC=CC1,0
LQKRYVGRPXFFAV-UHFFFAOYSA-N,CCOC(=O)C1OC1(C)c1ccccc1,0
TZRXHJWUDPFEEY-UHFFFAOYSA-N,O=[N+]([O-])OCC(CO[N+](=O)[O-])(CO[N+](=O)[O-])CO[N+](=O)[O-],0
VBKKVDGJXVOLNE-UHFFFAOYSA-N,CCOP(=S)(OCC)SC1OCCOC1SP(=S)(OCC)OCC,0
GTVWRXDRKAHEAD-UHFFFAOYSA-N,CCCCC(CC)COP(=O)(OCC(CC)CCCC)OCC(CC)CCCC,0
HJOVHMDZYOCNQW-UHFFFAOYSA-N,CC1=CC(=O)CC(C)(C)C1,1
AMIMRNSIRUDHCM-UHFFFAOYSA-N,CC(C)C=O,0
HRPVXLWXLXDGHG-UHFFFAOYSA-N,C=CC(N)=O,1
NIXOWILDQLNWCW-UHFFFAOYSA-N,C=CC(=O)O,0
IISBACLAFKSPIT-UHFFFAOYSA-N,CC(C)(c1ccc(O)cc1)c1ccc(O)cc1,0
GPAPPPVRLPGFEQ-UHFFFAOYSA-N,O=S(=O)(c1ccc(Cl)cc1)c1ccc(Cl)cc1,0
BQQUFAMSJAKLNB-UHFFFAOYSA-N,C1C2OC2C2C1C1CC2C2OC12,0
LKPLKUMXSAEKID-UHFFFAOYSA-N,O=[N+]([O-])c1c(Cl)c(Cl)c(Cl)c(Cl)c1Cl,0
RZVHIXYEVGDQDX-UHFFFAOYSA-N,O=C1c2ccccc2C(=O)c2ccccc21,1
FLKPEMZONWLCSK-UHFFFAOYSA-N,CCOC(=O)c1ccccc1C(=O)OCC,0
LGRFSURHDFAFJT-UHFFFAOYSA-N,O=C1OC(=O)c2ccccc21,0
CJJOSEISRRTUQB-UHFFFAOYSA-N,COP(=S)(OC)SCn1nnc2ccccc2c1=O,0
UFFBMTHBGFGIHF-UHFFFAOYSA-N,Cc1cccc(C)c1N,0
KWVPRPSXBZNOHS-UHFFFAOYSA-N,Cc1cc(C)c(N)c(C)c1,1
LINPIYWFGCPVIE-UHFFFAOYSA-N,Oc1c(Cl)cc(Cl)cc1Cl,1
YCMLQMDWSXFTIF-UHFFFAOYSA-N,Cc1ccccc1S(N)(=O)=O,1
PLAZTCDQAHEYBI-UHFFFAOYSA-N,Cc1ccccc1[N+](=O)[O-],1
BFCFYVKQTRLZHA-UHFFFAOYSA-N,O=[N+]([O-])c1ccccc1Cl,0
NAYYNDKKHOIIOD-UHFFFAOYSA-N,NC(=O)c1ccccc1C(N)=O,0
VMPITZXILSNTON-UHFFFAOYSA-N,COc1ccccc1N,1
TWBPWBPGNQWFSJ-UHFFFAOYSA-N,Nc1ccccc1-c1ccccc1,0
AJOQSQHYDOFIOX-UHFFFAOYSA-N,CCC(C(=O)NC(N)=O)c1ccccc1,0
VVBLNCFGVYUYGU-UHFFFAOYSA-N,CN(C)c1ccc(C(=O)c2ccc(N(C)C)cc2)cc1,1
CFBYEGUGFPZCNF-UHFFFAOYSA-N,COc1ccccc1[N+](=O)[O-],1
DECIPOUIJURFOJ-UHFFFAOYSA-N,CCOc1ccc2c(c1)C(C)=CC(C)(C)N2,0
LCGFVWKNXLRFIF-UHFFFAOYSA-N,Nc1ccc2ccccc2c1,1
LUYISICIYVKBTA-UHFFFAOYSA-N,Cc1ccc2ncccc2c1,0
GZVHEAJQGPRDLQ-UHFFFAOYSA-N,Nc1nc(N)nc(-c2ccccc2)n1,0
QZWKEPYTBWZJJA-UHFFFAOYSA-N,COc1cc(-c2ccc(N=C=O)c(OC)c2)ccc1N=C=O,1
DMVOXQPQNTYEKQ-UHFFFAOYSA-N,Nc1ccc(-c2ccccc2)cc1,1
ZYEMGPIYFIJGTP-UHFFFAOYSA-N,C=CCc1ccc(OC)c(OC)c1,1
SMYMJHWAQXWPDB-UHFFFAOYSA-N,O=C(O)COc1cc(Cl)c(Cl)cc1Cl,0
MYEIDJPOUKASEC-UHFFFAOYSA-N,CCCc1ccc2c(c1)OCO2,1
ZMQAAUBTXCXRIC-UHFFFAOYSA-N,C=CCc1ccc2c(c1)OCO2,1
XJCLWVXTCRQIDI-UHFFFAOYSA-N,C=C(Cl)CSC(=S)N(CC)CC,1
QRUDEWIWKLJBPS-UHFFFAOYSA-N,c1ccc2n[nH]nc2c1,0
RNVCVTLRINQCPJ-UHFFFAOYSA-N,Cc1ccccc1N,1
GEYOCULIXLDCMW-UHFFFAOYSA-N,Nc1ccccc1N,1
GWHJZXXIDMPWGX-UHFFFAOYSA-N,Cc1ccc(C)c(C)c1,1
CXNVOWPRHWWCQR-UHFFFAOYSA-N,Cc1cc(Cl)ccc1N,0
OBCSAIDCZQSFQH-UHFFFAOYSA-N,Cc1cc(N)ccc1N,0
CNHDIAIOKMXOLK-UHFFFAOYSA-N,Cc1cc(O)ccc1O,0
WRZOMWDJOLIVQP-UHFFFAOYSA-N,Cc1ccc(Cl)cc1N,0
VOZKAJLKRJDJLL-UHFFFAOYSA-N,Cc1ccc(N)cc1N,1
AWMVMTVKBNGEAK-UHFFFAOYSA-N,c1ccc(C2CO2)cc1,1
WBEJYOJJBDISQU-UHFFFAOYSA-N,ClCC(Br)CBr,1
QWVCIORZLNBIIC-UHFFFAOYSA-N,OCC(Br)CBr,1
CFXQEHVMCRXUSD-UHFFFAOYSA-N,ClCC(Cl)CCl,1
SSZWWUDQMAHNAQ-UHFFFAOYSA-N,OCC(O)CCl,0
PDQAZBWRQCGBEV-UHFFFAOYSA-N,S=C1NCCN1,1
YEJRWHAVMIAJKC-UHFFFAOYSA-N,O=C1CCCO1,0
HXIQYSLFEXIOAV-UHFFFAOYSA-N,Cc1cc(O)c(C(C)(C)C)cc1Sc1cc(C(C)(C)C)c(O)cc1C,0
VYZAHLCBVHPDDF-UHFFFAOYSA-N,O=[N+]([O-])c1ccc(Cl)c([N+](=O)[O-])c1,0
PFRYFZZSECNQOL-UHFFFAOYSA-N,Cc1cc(N=Nc2ccccc2C)ccc1N,1
BBNYLDSWVXSNOQ-UHFFFAOYSA-N,O=Cc1ccco1,1
JMSUNAQVHOHLMX-UHFFFAOYSA-N,CC(O)c1ccccc1,1
LQNUZADURLCDLV-UHFFFAOYSA-N,O=[N+]([O-])c1ccccc1,1
UATJOMSPNYCXIX-UHFFFAOYSA-N,O=[N+]([O-])c1cc([N+](=O)[O-])cc([N+](=O)[O-])c1,0
RAUWPNXIALNKQM-UHFFFAOYSA-N,Nc1ccc([N+](=O)[O-])cc1N,0
VLZVIIYRNMWPSN-UHFFFAOYSA-N,Nc1cc([N+](=O)[O-])ccc1O,1
NIPDVSLAMPAWTP-UHFFFAOYSA-N,COc1ccc([N+](=O)[O-])cc1N,1
FMGUJLASXUBMOP-UHFFFAOYSA-N,CN(N=O)c1ccc(N=O)cc1,1
ZPTVNYMJQHSSEA-UHFFFAOYSA-N,Cc1ccc([N+](=O)[O-])cc1,1
CZGCEKJOLUNIFY-UHFFFAOYSA-N,O=[N+]([O-])c1ccc(Cl)cc1,0
TYMLOMAKGOJONV-UHFFFAOYSA-N,Nc1ccc([N+](=O)[O-])cc1,0
YNQLUTRBYVCPMQ-UHFFFAOYSA-N,CCc1ccccc1,1
HUMNYLRZRPPJDN-UHFFFAOYSA-N,O=Cc1ccccc1,0
UWSDONTXWQOZFN-UHFFFAOYSA-N,O=NN1CCCCC1,1
IMHBYKMAHXWHRP-UHFFFAOYSA-N,Clc1nc(Cl)nc(Nc2ccccc2Cl)n1,0
CWJSHJJYOPWUGX-UHFFFAOYSA-N,CC(C)OC(=O)Nc1cccc(Cl)c1,0
MWRWFPQBGSZWNV-UHFFFAOYSA-N,O=NN1CN2CN(C1)CN(N=O)C2,0
ATGUVEKSASEFFO-UHFFFAOYSA-N,Nc1ccc(Nc2ccccc2)cc1,0
JNRLEMMIVRBKJE-UHFFFAOYSA-N,CN(C)c1ccc(Cc2ccc(N(C)C)cc2)cc1,1
HLBLWEWZXPIGSM-UHFFFAOYSA-N,Nc1ccc(Oc2ccc(N)cc2)cc1,1
WPYCRFCQABTEKC-UHFFFAOYSA-N,c1cc(OCC2CO2)cc(OCC2CO2)c1,1
SAOKZLXYCUGLFA-UHFFFAOYSA-N,CCCCC(CC)COC(=O)CCCCC(=O)OCC(CC)CCCC,0
DMLAVOWQYNRWNQ-UHFFFAOYSA-N,c1ccc(N=Nc2ccccc2)cc1,1
FULZLIGZKMKICU-UHFFFAOYSA-N,NC(=S)Nc1ccccc1,0
YIWUKEYIRIRTPP-UHFFFAOYSA-N,CCCCC(CC)CO,0
BHAAPTBBJKJZER-UHFFFAOYSA-N,COc1ccc(N)cc1,0
FLVIGYVXZHLUHP-UHFFFAOYSA-N,CCNC(=S)NCC,1
RZXMPPFPUUCRFN-UHFFFAOYSA-N,Cc1ccc(N)cc1,0
RBACIKXCRWGCBB-UHFFFAOYSA-N,CCC1CO1,1
LSWYGACWGAICNM-UHFFFAOYSA-N,C=CCOCC1CO1,0
KAKZBPTYRLMSJV-UHFFFAOYSA-N,C=CC=C,1
HGINCPLSRVDWNT-UHFFFAOYSA-N,C=CC=O,0
OSDWBNJEKMUWAV-UHFFFAOYSA-N,C=CCCl,0
NLHHRLWOUZZQLW-UHFFFAOYSA-N,C=CC#N,1
JSZOAYXJRCEYSX-UHFFFAOYSA-N,CCC[N+](=O)[O-],0
XTXRWKRVRITETP-UHFFFAOYSA-N,C=COC(C)=O,1
RINCXYDBBGOEEQ-UHFFFAOYSA-N,O=C1CCC(=O)O1,0
JJYPMNFTHPTTDI-UHFFFAOYSA-N,Cc1cccc(N)c1,0
GEQHKFFSPGPGLN-UHFFFAOYSA-N,Nc1cccc(N)c1,0
QCFYJCYNJLBDRT-UHFFFAOYSA-N,CC(CCl)OC(C)CCl,0
JDSHMPZPIAZGSV-UHFFFAOYSA-N,Nc1nc(N)nc(N)n1,1
PAFZNILMFXTMIY-UHFFFAOYSA-N,NC1CCCCC1,0
JHIVVAPYMSGYDF-UHFFFAOYSA-N,O=C1CCCCC1,0
VFWCMGCRMGJXDK-UHFFFAOYSA-N,CCCCCl,0
VLKZOEOYAKHREP-UHFFFAOYSA-N,CCCCCC,0
NQRYJNQNLNOLGT-UHFFFAOYSA-N,C1CCNCC1,0
LVTYICIALWPMFW-UHFFFAOYSA-N,CC(O)CNCC(C)O,0
ZNSMNVMLTJELDZ-UHFFFAOYSA-N,ClCCOCCCl,0
MTHSVFCYNBDYFN-UHFFFAOYSA-N,OCCOCCO,1
WJYIASZWHGOTOU-UHFFFAOYSA-N,CCCCCCCN,0
POAOYUHQDCAZBD-UHFFFAOYSA-N,CCCCOCCO,0
ZIBGPFATKBEMQZ-UHFFFAOYSA-N,OCCOCCOCCO,0
RDYMFSUJUZBWLH-UHFFFAOYSA-N,O=S1OCC2C(CO1)C1(Cl)C(Cl)=C(Cl)C2(Cl)C1(Cl)Cl,0
UOAMTSKGCBMZTC-UHFFFAOYSA-N,OC(c1ccc(Cl)cc1)(c1ccc(Cl)cc1)C(Cl)(Cl)Cl,0
HQUQLFOMPYWACS-UHFFFAOYSA-N,O=P(OCCCl)(OCCCl)OCCCl,1
XOGPDSATLSAZEK-UHFFFAOYSA-N,Nc1ccc2c(c1)C(=O)c1ccccc1C2=O,1
RWZYAGGXGHYGMB-UHFFFAOYSA-N,Nc1ccccc1C(=O)O,0
WHODQVWERNSQEO-UHFFFAOYSA-N,Nc1ccc(O)c([N+](=O)[O-])c1,1
KGRVJHAUYBGFFP-UHFFFAOYSA-N,Cc1cc(Cc2cc(C)cc(C(C)(C)C)c2O)c(O)c(C(C)(C)C)c1,0
ISAOCJYIOMOJEB-UHFFFAOYSA-N,O=C(c1ccccc1)C(O)c1ccccc1,0
JRBJSXQPQWSCCF-UHFFFAOYSA-N,COc1cc(-c2ccc(N)c(OC)c2)ccc1N,1
NCKMMSIFQUPKCK-UHFFFAOYSA-N,Oc1ccc(Cl)cc1Cc1ccccc1,0
WOZVHXUHUFLZGK-UHFFFAOYSA-N,COC(=O)c1ccc(C(=O)OC)cc1,0
ATTZFSUZZUNHBP-UHFFFAOYSA-N,CCCCCCCCS(=O)C(C)Cc1ccc2c(c1)OCO2,0
WXWCDTXEKCVRRO-UHFFFAOYSA-N,COc1ccc(C)cc1N,1
HFZWRUODUSTPEG-UHFFFAOYSA-N,Oc1ccc(Cl)cc1Cl,0
MRBKEAMVRSLQPH-UHFFFAOYSA-N,COc1ccc(O)c(C(C)(C)C)c1,1
SIYLLGKDQZGJHK-UHFFFAOYSA-N,CC(C)(C)CC(C)(C)c1ccc(OCCOCC[N+](C)(C)Cc2ccccc2)cc1,0
MIHADVKEHAFNPG-UHFFFAOYSA-N,Nc1ncc([N+](=O)[O-])s1,1
ZTHYODDOHIVTJV-UHFFFAOYSA-N,CCCOC(=O)c1cc(O)c(O)c(O)c1,0
DOPJTDJKZNWLRB-UHFFFAOYSA-N,Nc1ccc([N+](=O)[O-])cc1O,1
SLINHMUFWFWBMU-UHFFFAOYSA-N,CC(O)CN(CC(C)O)CC(C)O,0
ODCWYMIRDDJXKW-UHFFFAOYSA-N,CCNc1nc(Cl)nc(NCC)n1,0
FQYUMYWMJTYZTK-UHFFFAOYSA-N,c1ccc(OCC2CO2)cc1,1
FAUOSXUSCVJWAY-UHFFFAOYSA-N,OC[P+](CO)(CO)CO,0
PQYJRMFWJJONBO-UHFFFAOYSA-N,O=P(OCC(Br)CBr)(OCC(Br)CBr)OCC(Br)CBr,1
STCOOQWBFONSKY-UHFFFAOYSA-N,CCCCOP(=O)(OCCCC)OCCCC,1
GYCMBHHDWRMZGG-UHFFFAOYSA-N,C=C(C)C#N,0
YYTSGNJTASLUOY-UHFFFAOYSA-N,CC(O)CCl,0
PXAJQJMDEXJWFB-UHFFFAOYSA-N,CC(C)=NO,1
ZTWQZJLUUZHJGS-UHFFFAOYSA-N,O=C1c2ccccc2-c2ccc3c4c(ccc1c24)-c1ccccc1C3=O,0
FYXKXZFTZBYYNP-UHFFFAOYSA-N,Cc1ccc2c(c1[N+](=O)[O-])C(=O)c1ccccc1C2=O,1
QUDWYFHPNIMBFC-UHFFFAOYSA-N,C=CCOC(=O)c1ccccc1C(=O)OCC=C,0
OXEUETBFKVCRNP-UHFFFAOYSA-N,CCn1c2ccccc2c2cc(N)ccc21,1
LDVVMCZRFWMZSG-UHFFFAOYSA-N,O=C1C2CC=CCC2C(=O)N1SC(Cl)(Cl)Cl,1
HKIOYBQGHSTUDB-UHFFFAOYSA-N,O=C1c2ccccc2C(=O)N1SC(Cl)(Cl)Cl,0
HSSBORCLYSCBJR-UHFFFAOYSA-N,Nc1cc(Cl)cc(C(=O)O)c1Cl,0
KEQFTVQCIQJIQW-UHFFFAOYSA-N,c1ccc(Nc2ccc3ccccc3c2)cc1,0
XIWMTQIUUWJNRP-UHFFFAOYSA-N,Nc1ccc(O)c(N)c1,0
ICNFHJVPAJKPHW-UHFFFAOYSA-N,Nc1ccc(Sc2ccc(N)cc2)cc1,1
FQSUTLQHSDLLAN-UHFFFAOYSA-N,CCNC(=O)Nc1ncc([N+](=O)[O-])s1,1
QUKGYYKBILRGFE-UHFFFAOYSA-N,CC(=O)OCc1ccccc1,0
VMMDOCYDNRLESP-UHFFFAOYSA-N,CC(=O)Nc1ccc(C(=O)CCl)cc1,0
YKFRAOGHWKADFJ-UHFFFAOYSA-N,CC(COc1ccc(C(C)(C)C)cc1)OS(=O)OCCCl,1
JIGUQPWFLRLWPJ-UHFFFAOYSA-N,C=CC(=O)OCC,1
ZEMGGZBWXRYJHK-UHFFFAOYSA-N,O=c1cc[nH]c(=S)[nH]1,1
ZNRLMGFXSPUZNR-UHFFFAOYSA-N,CC1=CC(C)(C)Nc2ccccc21,1
ZRWPUFFVAOMMNM-UHFFFAOYSA-N,O=C1C=C2C(=CCOC2O)O1,0
YXIWHUQXZSMYRE-UHFFFAOYSA-N,S=c1[nH]c2ccccc2s1,1
BMLIZLVNXIYGCK-UHFFFAOYSA-N,CN(C)C(=O)Nc1ccc(Cl)cc1,1
GGLIEWRLXDLBBF-UHFFFAOYSA-N,CCOc1ccc(NC(N)=O)cc1,1
OIJHFHYPXWSVPF-UHFFFAOYSA-N,O=Nc1ccc(Nc2ccccc2)cc1,1
AIFRHYZBTHREPW-UHFFFAOYSA-N,c1ccc2c(c1)[nH]c1cnccc12,0
NFBOHOGPQUYFRF-UHFFFAOYSA-N,c1ccc2c(c1)Oc1ccccc1O2,0
IANQTJSKSUMEQM-UHFFFAOYSA-N,c1ccc2occc2c1,1
RLBIQVVOMOPOHC-UHFFFAOYSA-N,COP(=S)(OC)Oc1ccc([N+](=O)[O-])cc1,0
AFLXUQUGROGEFA-UHFFFAOYSA-N,C[N+]([O-])(CCCl)CCCl,1
YNEVBPNZHBAYOA-UHFFFAOYSA-N,CNC(=O)Oc1cc(C)c(N(C)C)c(C)c1,0
FHIVAFMUCKRCQO-UHFFFAOYSA-N,CCOP(=S)(OCC)Oc1cc(C)nc(C(C)C)n1,0
XCDXSSFOJZZGQC-UHFFFAOYSA-N,ClCCN(CCCl)c1ccc2ccccc2c1,1
WBLZUCOIBUDNBV-UHFFFAOYSA-N,O=C(O)CC[N+](=O)[O-],0
RAPBNVDSDCTNRC-UHFFFAOYSA-N,CCOC(=O)C(O)(c1ccc(Cl)cc1)c1ccc(Cl)cc1,0
WVLBCYQITXONBZ-UHFFFAOYSA-N,COP(=O)(OC)OC,0
KWISWUFGPUHDRY-UHFFFAOYSA-N,CC(C)=CCl,1
YGCOKJWKWLYHTG-UHFFFAOYSA-N,OCN(CO)c1nc(N(CO)CO)nc(N(CO)CO)n1,1
IMACFCSSMIZSPP-UHFFFAOYSA-N,O=C(CCl)c1ccccc1,0
VLPFTAMPNXLGLX-UHFFFAOYSA-N,CCCCCCCC(=O)OCC(COC(=O)CCCCCCC)OC(=O)CCCCCCC,1
APNSGVMLAYLYCT-UHFFFAOYSA-N,CC(C)CON=O,1
VSVAVMVWTLLTCH-YHYXMXQVSA-N,O=C1NCCN1/N=C/c1ccc([N+](=O)[O-])o1,1
CTKINSOISVBQLD-UHFFFAOYSA-N,OCC1CO1,1
OHXAOPZTJOUYKM-UHFFFAOYSA-N,C=C(C)CCl,1
AFAIELJLZYUNPW-UHFFFAOYSA-N,N=C1C=CC(=C(c2ccc(N)cc2)c2ccc(N)cc2)C=C1,1
DVKJHBMWWAPEIU-UHFFFAOYSA-N,Cc1ccc(N=C=O)cc1N=C=O,1
CNWSQCLBDWYLAN-UHFFFAOYSA-N,CCCCNC(N)=O,0
BZXUQIDKDGGYPB-UHFFFAOYSA-N,COP(=O)(OC)N1CCOCC1,1
XTRDKALNCIHHNI-UHFFFAOYSA-N,Cc1c([N+](=O)[O-])cccc1[N+](=O)[O-],1
unknown,O=[N+]([O-])c1ccc2c(c1)Cc1ccccc1-2,1
HQCHAOKWWKLXQH-UHFFFAOYSA-N,Nc1cc(Cl)c(N)c(Cl)c1,0
HUWXDEQWWKGHRV-UHFFFAOYSA-N,Nc1ccc(-c2ccc(N)c(Cl)c2)cc1Cl,1
KZRHBQXJMQDNEZ-UHFFFAOYSA-N,CN(N=O)c1ccccc1,1
RAUQLNDTFONODT-UHFFFAOYSA-N,CCOC(=O)N(CC)N=O,1
SUAKHGWARZSWIH-UHFFFAOYSA-N,CCN(C=O)CC,0
YLKFDHTUAUWZPQ-UHFFFAOYSA-N,CCCN(CCC)N=O,1
MDKCFLQDBWCQCV-UHFFFAOYSA-N,S=C=NCc1ccccc1,0
JLBJTVDPSNHSKJ-UHFFFAOYSA-N,C=Cc1ccc(C)cc1,0
CBCKQZAAMUWICA-UHFFFAOYSA-N,Nc1ccc(N)cc1,0
YUEXLPFBTMPXCY-UHFFFAOYSA-N,O=NN(CC(F)(F)F)CC(F)(F)F,0
GVNWZKBFMFUVNX-UHFFFAOYSA-N,NC(=O)CCCCC(N)=O,0
NATVSFWWYVJTAZ-UHFFFAOYSA-N,Nc1c(Cl)cc(Cl)cc1Cl,0
GNOIPBMMFNIUFM-UHFFFAOYSA-N,CN(C)P(=O)(N(C)C)N(C)C,1
AJFDBNQQDYLMJN-UHFFFAOYSA-N,CCN(CC)C(C)=O,1
LXBGSDVWAMZHDD-UHFFFAOYSA-N,Cc1ncc[nH]1,1
JYJFNDQBESEHJQ-UHFFFAOYSA-N,CC1(C)OC(=O)NC1=O,0
PFEFOYRSMXVNEL-UHFFFAOYSA-N,CC(C)(C)c1cc(C(C)(C)C)c(O)c(C(C)(C)C)c1,0
VONWDASPFIQPDY-UHFFFAOYSA-N,COP(C)(=O)OC,1
FUSGACRLAFQQRL-UHFFFAOYSA-N,CCN(N=O)C(N)=O,1
IWYRWIUNAVNFPE-UHFFFAOYSA-N,O=CC1CO1,0
YGGSSUISOYLCBF-UHFFFAOYSA-N,CCCN(N=O)C(N)=O,1
LSWOCDLIYSKTRX-UHFFFAOYSA-N,CCCCN(N=O)C(N)=O,1
SECXISVLQFMRJM-UHFFFAOYSA-N,CN1CCCC1=O,0
YGJHZCLPZAZIHH-UHFFFAOYSA-N,CCCCN(CCCC)N=O,1
CNCOEDDPFOAUMB-UHFFFAOYSA-N,C=CC(=O)NCO,0
WNYADZVDBIBLJJ-UHFFFAOYSA-N,O=NN1CCCC1,1
RCGYDFVCAAKKNG-UHFFFAOYSA-N,CN(C)CCN(Cc1ccsc1)c1ccccn1,0
JUZXDNPBRPUIOR-UHFFFAOYSA-N,C[N+](C)(C)CCCl,0
YFCDLVPYFMHRQZ-UHFFFAOYSA-N,O=NN(CCO)CCO,1
FSSPGSAQUIYDCN-UHFFFAOYSA-N,O=S1(=O)CCCO1,1
XWIYFDMXXLINPU-UHFFFAOYSA-N,COc1cc2c(c3oc(=O)c4c(c13)CCOC4=O)C1C=COC1O2,1
ZFIVKAOQEXOYFY-UHFFFAOYSA-N,C1OC1C1CO1,0
NULAJYZBOLVQPQ-UHFFFAOYSA-N,NCCNc1cccc2ccccc12,0
ZSDSQXJSNMTJDA-UHFFFAOYSA-N,CCCN(CCC)c1c([N+](=O)[O-])cc(C(F)(F)F)cc1[N+](=O)[O-],0
NOQGZXFMHARMLW-UHFFFAOYSA-N,CN(C)NC(=O)CCC(=O)O,1
WSORODGWGUUOBO-UHFFFAOYSA-N,CCOC(=O)CC(SP(=O)(OC)OC)C(=O)OCC,0
BBABSCYTNHOKOG-UHFFFAOYSA-N,COc1c(Cl)c(Cl)c(Cl)c(Cl)c1Cl,1
XITQUSLLOSKDTB-UHFFFAOYSA-N,O=[N+]([O-])c1ccc(Oc2ccc(Cl)cc2Cl)cc1,1
CRQQGFGUEAVUIL-UHFFFAOYSA-N,N#Cc1c(Cl)c(Cl)c(Cl)c(C#N)c1Cl,1
NQQVFXUMIDALNH-UHFFFAOYSA-N,Nc1c(Cl)c(Cl)nc(C(=O)O)c1Cl,0
BGNXCDMCOKJUMV-UHFFFAOYSA-N,CC(C)(C)c1cc(O)ccc1O,0
ULKFLOVGORAZDI-UHFFFAOYSA-N,CC1(C)COC1=O,1
RZILCCPWPBTYDO-UHFFFAOYSA-N,CN(C)C(=O)Nc1cccc(C(F)(F)F)c1,0
QUWSDLYBOVGOCW-UHFFFAOYSA-N,Clc1ccc(Sc2cc(Cl)c(Cl)cc2Cl)cc1,0
IZJDOKYDEWTZSO-UHFFFAOYSA-N,S=C=NCCc1ccccc1,0
JAEZSIYNWDWMMN-UHFFFAOYSA-N,CNC(=S)N(C)C,1
JJNZXLAFIPKXIG-UHFFFAOYSA-N,N#CC(C#N)=Cc1ccccc1Cl,0
OVSKIKFHRZPJSS-UHFFFAOYSA-N,O=C(O)COc1ccc(Cl)cc1Cl,0
GEQNZVKIDIPGCO-UHFFFAOYSA-N,COc1ccc(N)c(OC)c1,0
HOMAGVUCNZNWBC-UHFFFAOYSA-N,C=CCOC(=O)CC(C)C,1
GZGZVOLBULPDFD-UHFFFAOYSA-N,Nc1ccc(NCCO)c([N+](=O)[O-])c1,0
SBPBAQFWLVIOKP-UHFFFAOYSA-N,CCOP(=S)(OCC)Oc1nc(Cl)c(Cl)cc1Cl,0
ABNDFSOIUFLJAH-UHFFFAOYSA-N,N#CSCc1ccccc1,0
CNQCWYFDIQSALX-UHFFFAOYSA-N,ClCc1cccnc1,1
DBIGHPPNXATHOF-UHFFFAOYSA-N,CS(=O)(=O)OCCCNCCCOS(C)(=O)=O,0
XJGBDJOMWKAZJS-UHFFFAOYSA-N,CC(C)(Oc1ccc(C2CCCc3ccccc32)cc1)C(=O)O,1
DIKPQFXYECAYPC-UHFFFAOYSA-N,CCCCN(CCCCO)N=O,1
DSGKTUVITPQPRT-UHFFFAOYSA-N,O=NN1CCCCC1C(=O)O,0
MGFYIUFZLHCRTH-UHFFFAOYSA-N,O=C(O)CN(CC(=O)O)CC(=O)O,1
HVHNMNGARPCGGD-UHFFFAOYSA-N,Nc1ccc(N)c([N+](=O)[O-])c1,0
CVTIZMOISGMZRJ-UHFFFAOYSA-N,O=NN1CCNCC1,1
IOEPXYJOHIZYGQ-UHFFFAOYSA-N,Cc1ccc2c(c1)C(N1CCN(C)CC1)=Nc1ccccc1S2,0
NJWIMFZLESWFIM-UHFFFAOYSA-N,ClCc1ccccn1,0
SMPZPKRDRQOOHT-UHFFFAOYSA-N,COc1cc2c(c3c1c(=O)c1ccccc1n3C)C=CC(C)(C)O2,1
LDYJXVUOVPVZKA-UHFFFAOYSA-N,CN(C)CCN(Cc1cccs1)c1ccccc1,0
LLROQAGEAVDYFP-UHFFFAOYSA-N,CN(C)N=Nc1ccccc1,1
HSTOKWSFWGCZMH-UHFFFAOYSA-N,Nc1ccc(-c2ccc(N)c(N)c2)cc1N,1
IZMJMCDDWKSTTK-UHFFFAOYSA-N,O=C1c2ccccc2C(=O)C1c1ccc2ccccc2n1,1
UTSVPXMQSFGQTM-UHFFFAOYSA-N,COc1cc2c(c3oc4cccc(O)c4c(=O)c13)C1C=COC1O2,1
SXHWIUYWGJFLKB-UHFFFAOYSA-N,C#CC(OC(N)=O)(c1ccccc1)c1ccc(Cl)cc1,1
YYTNAQDGJQPZFU-UHFFFAOYSA-N,CCCCCN(N=O)C(N)=O,1
RTDCJKARQCRONF-UHFFFAOYSA-N,CCN(C)N=O,1
BTAGRXWGMYTPBY-UHFFFAOYSA-N,Clc1ccc(-c2ccc(Cl)c(Cl)c2Cl)c(Cl)c1Cl,1
AUGNBQPSMWGAJE-UHFFFAOYSA-N,Clc1cccc(-c2ccc(Cl)c(Cl)c2Cl)c1Cl,1
UTMWFJSRHLYRPY-UHFFFAOYSA-N,Clc1cc(Cl)cc(-c2cc(Cl)cc(Cl)c2)c1,0
RIBGNAJQTOXRDK-UHFFFAOYSA-N,Clc1cccc(-c2cc(Cl)cc(Cl)c2)c1,1
OELWBYBVFOLSTA-UHFFFAOYSA-N,CCCCCN(CCCCC)N=O,1
AVESHLVLHJKUKQ-UHFFFAOYSA-N,CN(CCc1ccccc1)N=O,1
BETVNUCOOCCCIO-UHFFFAOYSA-N,COP(=S)(OC)SCCNC(C)=O,0
ASLWPAWFJZFCKF-UHFFFAOYSA-N,O=P(OC(CCl)CCl)(OC(CCl)CCl)OC(CCl)CCl,1
IVEXWRHLJIZLHF-UHFFFAOYSA-N,NC(=O)N(CCO)N=O,1
KYGZCKSPAKDVKC-UHFFFAOYSA-N,CCn1cc(C(=O)O)c(=O)c2cc3c(cc21)OCO3,1
JSPJZBZNGPDBLH-UHFFFAOYSA-N,O=NN1CCCN(N=O)C1,1
WJDNMDMNPIKDCP-UHFFFAOYSA-N,CN(N=O)c1ccccn1,1
CNXCLASNZDZCBC-UHFFFAOYSA-N,CN(N=O)c1ccncc1,0
GRYFJBRXMFVEIL-UHFFFAOYSA-N,C=CCN(CC=C)N=O,1
XKABJYQDMJTNGQ-UHFFFAOYSA-N,O=NN1CCCC1c1cccnc1,1
NTUQAPWIPIIWLT-UHFFFAOYSA-N,O=NN1CCC(=O)NC1=O,1
ZVTOLKAVCZXHFM-UHFFFAOYSA-N,CC(C(O)c1ccccc1)N(C)N=O,1
MROJXXOCABQVEF-UHFFFAOYSA-N,CC(=O)Nc1ccc(CC(=O)O)cc1,0
LGIRBUBHIWTVCK-UHFFFAOYSA-N,Clc1cc2c(c(Cl)c1Cl)Oc1c(cc(Cl)c(Cl)c1Cl)O2,1
RCFKQVLHWYOSFF-UHFFFAOYSA-N,O=NN1CCCCCCC1,1
CZZZABOKJQXEBO-UHFFFAOYSA-N,Cc1ccc(N)c(C)c1,0
BMIPMKQAAJKBKP-UHFFFAOYSA-N,Cc1cc(C)c(N)cc1C,1
KSMAGQUYOIHWFS-UHFFFAOYSA-N,CC(Oc1c(Cl)cccc1Cl)C1=NCCN1,0
MZZBPDKVEFVLFF-UHFFFAOYSA-N,CCNc1nc(Cl)nc(NC(C)(C)C#N)n1,1
BPICBUSOMSTKRF-UHFFFAOYSA-N,Cc1cccc(C)c1NC1=NCCCS1,0
ZQBWQLJJMGJREB-UHFFFAOYSA-N,O=CNc1nc(-c2ccc([N+](=O)[O-])o2)cs1,1
OECTYKWYRCHAKR-UHFFFAOYSA-N,C1CC2OC2CC1C1CO1,0
RJKGJBPXVHTNJL-UHFFFAOYSA-N,O=[N+]([O-])c1cccc2ccccc12,0
XPAZGLFMMUODDK-UHFFFAOYSA-N,O=[N+]([O-])c1ccc2nc[nH]c2c1,0
PHPWISAFHNEMSR-UHFFFAOYSA-N,CC(=O)Nc1cccc2c1-c1ccccc1C2,0
ICMGLRUYEQNHPF-UHFFFAOYSA-N,COc1ccccc1N1CCN(CCCNc2cc(=O)n(C)c(=O)n2C)CC1,0
DJKWDKJYFYUEBQ-UHFFFAOYSA-N,CC(C)(CO)CCCCCCC(C)(C)CO,0
LMIMSGCBKHFTDY-UHFFFAOYSA-N,CCN(C#N)N=O,1
BAHPQISAXRFLCL-UHFFFAOYSA-N,COc1ccc(N)cc1N,1
KFDNXHKRTQRVGV-UHFFFAOYSA-N,ClC1(Cl)C2(Cl)C3C4(Cl)C1(Cl)C1(Cl)C4(Cl)C(Cl)(Cl)C3(Cl)C21Cl,1
RJIPASZIRLEOEO-UHFFFAOYSA-N,O=NN1CCOC1,1
PREXGTBZMLDXHV-UHFFFAOYSA-N,O=NN1CCCCO1,1
VOJLELRQLPENHL-UHFFFAOYSA-N,O=C1C(O)N=C(c2ccccc2F)c2cc(Cl)ccc2N1CCO,0
UIDGJTUNLMQGLT-UHFFFAOYSA-N,O=NN1CC(=O)NC1=O,1
NUFNQYOELLVIPL-UHFFFAOYSA-N,O=C(O)c1cc(Oc2ccc(C(F)(F)F)cc2Cl)ccc1[N+](=O)[O-],0
DSBIJCMXAIKKKI-UHFFFAOYSA-N,Cc1ccc([N+](=O)[O-])cc1N,0
VOWZNBNDMFLQGM-UHFFFAOYSA-N,Cc1ccc(C)c(N)c1,1
RRHGJUQNOFWUDK-UHFFFAOYSA-N,C=CC(=C)C,1
MNIGYIKCFSPQRJ-UHFFFAOYSA-N,CC(O)CN(CC(C)O)N=O,1
ATCGGEJZONJOCL-UHFFFAOYSA-N,Nc1nc(N)nc(-c2cc(Cl)ccc2Cl)n1,0
JOATXPAWOHTVSZ-UHFFFAOYSA-N,CCN(CC)C(=O)Nc1ccc(OCC(O)CNC(C)(C)C)c(C(C)=O)c1,0
ISCYHXYLVTWDJT-UHFFFAOYSA-N,Nc1ccc(N(CCO)CCO)cc1,0
JWFMCQPAQYKFDP-UHFFFAOYSA-N,NC(=O)N(CC(=O)O)N=O,1
AKRYBBWYDSDZHG-UHFFFAOYSA-N,CC(=O)CN(CC(C)=O)N=O,1
LVTKHGUGBGNBPL-UHFFFAOYSA-N,Cc1c(N)nc(C)c2c1[nH]c1ccccc12,1
SLTNUKIKMOOUID-UHFFFAOYSA-N,CN(N=O)C(=O)c1ccccc1,1
FLAQQSHRLBFIEZ-UHFFFAOYSA-N,CN(CCCC(=O)c1cccnc1)N=O,1
CKNAQFVBEHDJQV-UHFFFAOYSA-N,Cc1c(-c2cnccn2)ssc1=S,0
RZCKTPORLKUFGY-UHFFFAOYSA-N,Cc1cccc(Nc2cc(Cl)nc(SCC(=O)NCCO)n2)c1C,1
GOPFSGIKKZFUJK-UHFFFAOYSA-N,CN(N=O)c1cccnc1,0
WDKXLLJDNUBYCY-UHFFFAOYSA-N,CNCCc1ccc(OC(=O)C(C)C)c(OC(=O)C(C)C)c1,0
NGHTXZCKLWZPGK-UHFFFAOYSA-N,Cc1cccc(C)c1NC(=O)CN1CCCC1=O,0
WNTRMRXAGJOLCU-UHFFFAOYSA-N,O=C1OC(O)C(C(Cl)Cl)=C1Cl,1
FCYWOYUDCUKTJC-UHFFFAOYSA-N,CCN(CC(F)(F)F)N=O,1
USZDDJLVNDSPSY-UHFFFAOYSA-N,O=NN(CCCC(F)(F)F)CCCC(F)(F)F,1
CLPFFLWZZBQMAO-UHFFFAOYSA-N,N#Cc1ccc(C2CCCc3cncn32)cc1,0
ZKFQEACEUNWPMT-UHFFFAOYSA-N,CC1=C(C(=O)OC(C)C)C(c2cccc([N+](=O)[O-])c2)C(C(=O)OC2CN(C(c3ccccc3)c3ccccc3)C2)=C(N)N1,0
DMEPDNFRHUGNPT-UHFFFAOYSA-N,CCN(CC)CC#CC(C)(C)OC(=O)C(O)(c1ccccc1)C1CCCCC1,0
YGNXYFLJZILPEK-UHFFFAOYSA-N,ON=C1CCCC1,1
GVYLCNUFSHDAAW-UHFFFAOYSA-N,ClC1(Cl)C2(Cl)C3(Cl)C4(Cl)C(Cl)(Cl)C5(Cl)C3(Cl)C1(Cl)C5(Cl)C24Cl,1
IKEHOXWJQXIQAG-UHFFFAOYSA-N,Cc1ccc(O)c(C(C)(C)C)c1,0
BAOXJBYPTRZNSH-YWEYNIOJSA-N,NC(=O)N/N=C/c1ccco1,0
BGPPUXMKKQMWLV-UHFFFAOYSA-N,COc1c(Cl)c(Cl)c([N+](=O)[O-])c(Cl)c1Cl,0
JPIYZTWMUGTEHX-UHFFFAOYSA-N,CN(C)c1ccc(C(=N)c2ccc(N(C)C)cc2)cc1,1
JRIFTVNYAPUKTK-UHFFFAOYSA-N,O=NN1CC=CCO1,1
CHUGKEQJSLOLHL-UHFFFAOYSA-N,OCC(CO)(CBr)CBr,1
WHKUVVPPKQRRBV-UHFFFAOYSA-N,Cc1cc(Cl)ccc1OCC(=O)O,0
RQKFYFNZSHWXAW-UHFFFAOYSA-N,Cc1ccc(N)cc1Cl,0
FZTUYJOGFLNTCH-UHFFFAOYSA-N,NC(=O)OCC(COC(N)=O)c1ccccc1,1
NYPJDWWKZLNGGM-UHFFFAOYSA-N,CC(C)C(C(=O)OC(C#N)c1cccc(Oc2ccccc2)c1)c1ccc(Cl)cc1,0
TWVUMMQUXMYOOH-UHFFFAOYSA-N,Cn1cc(OCC(O)CNC(C)(C)C)c2ccccc2c1=O,0
FXGQUGCFZKMIJW-UHFFFAOYSA-N,Nc1c(F)c(N)c(F)c(F)c1F,0
HGZHAINHFBFXIU-UHFFFAOYSA-N,Cc1ccc2c(-c3cccc(O)c3)nc(=O)n(C(C)C)c2c1,0
JQUKCPUPFALELS-UHFFFAOYSA-N,COc1cc(S(C)=O)ccc1-c1nc2ccncc2[nH]1,1
MUNSLZPCNUVWCH-UHFFFAOYSA-N,COC(=O)C1=C(C)NC(C)=C(C(=O)OCC(C)(C)CN(C)Cc2ccccc2)C1c1cc([N+](=O)[O-])ccc1F,0
OTTHUQAYARCXLP-UHFFFAOYSA-N,COC(=O)C1=C(C)NC(C)=C(C(=O)OCCc2ccc(N3CCN(C(c4ccccc4)c4ccccc4)CC3)cc2)C1c1cccc([N+](=O)[O-])c1,0
BATOPAZDIZEVQF-MQQKCMAXSA-N,C/C=C/C=C/C=O,1
BAFKRPOFIYPKBQ-UHFFFAOYSA-N,Clc1cnc(Oc2ccc(Oc3ncc(Cl)cc3Cl)cc2)c(Cl)c1,0
WVDDGKGOMKODPV-UHFFFAOYSA-N,OCc1ccccc1,0
HNDVDQJCIGZPNO-YFKPBYRVSA-N,N[C@@H](Cc1cnc[nH]1)C(=O)O,0
AKZHPJMVGQRYGX-UHFFFAOYSA-N,NNc1nc(-c2ccc(N)cc2)cs1,1
UBUCNCOMADRQHX-UHFFFAOYSA-N,O=NN(c1ccccc1)c1ccccc1,1
APUDBKTWDCXQJA-QIDMFYOTSA-N,C[C@H]1CCC[C@@H](C)N1CCCC(O)(c1ccccc1)c1ccccn1,0
UHOVQNZJYSORNB-UHFFFAOYSA-N,c1ccccc1,1
WAPNOHKVXSQRPX-UHFFFAOYSA-N,CC(O)c1ccccc1,1
MHGOKSLTIUHUBF-UHFFFAOYSA-M,CCCCC(CC)COS(=O)(=O)[O-],0
NUIURNJTPRWVAP-UHFFFAOYSA-N,Cc1cc(-c2ccc(N)c(C)c2)ccc1N,1
KRKNYBCHXYNGOX-UHFFFAOYSA-L,O=C([O-])CC(O)(CC(=O)O)C(=O)[O-],0
KJPRLNWUNMBNBZ-QPJJXVBHSA-N,O=C/C=C/c1ccccc1,0
CVHZOJJKTDOEJC-UHFFFAOYSA-M,O=C1N=S(=O)([O-])c2ccccc21,1
QXNDZONIWRINJR-UHFFFAOYSA-N,C1CCCNCCC1,0
IEPRKVQEAMIZSS-WAYWQWQTSA-N,CCOC(=O)/C=C\C(=O)OCC,0
HBGGXOJOCNVPFY-UHFFFAOYSA-N,CC(C)CCCCCCOC(=O)c1ccccc1C(=O)OCCCCCCC(C)C,1
FZNCGRZWXLXZSZ-CIQUZCHMSA-N,OCC(CO)N[C@H]1C[C@](O)(CO)[C@@H](O)[C@H](O)[C@H]1O,0
ZLCUIOWQYBYEBG-UHFFFAOYSA-N,Cc1ccc2c(c1N)C(=O)c1ccccc1C2=O,1
XTXFAVHDQCHWCS-UHFFFAOYSA-N,CCOc1ccc(NC(C)=O)cc1N,0
ZINRVIQBCHAZMM-UHFFFAOYSA-N,Nc1c(Br)cc(Br)c2c1C(=O)c1ccccc1C2=O,1
WSWCOQWTEOXDQX-MQQKCMAXSA-N,C/C=C/C=C/C(=O)O,0
LMBWSYZSUOEYSN-UHFFFAOYSA-M,CCN(CC)C(=S)[S-],0
MAXCWSIJKVASQC-UHFFFAOYSA-N,CN(N=O)c1ccccc1,1
MPDGHEJMBKOTSU-YKLVYJNSSA-N,CC1(C)[C@@H](O)CC[C@@]2(C)[C@H]1CC[C@]1(C)[C@@H]2C(=O)C=C2[C@@H]3C[C@@](C)(C(=O)O)CC[C@]3(C)CC[C@]21C,0
CDGNLUSBENXDGG-UHFFFAOYSA-N,COc1ccc(N)c(C)c1,1
NNJPGOLRFBJNIW-HNNXBMFYSA-N,CN[C@H]1CCc2cc(OC)c(OC)c(OC)c2-c2ccc(OC)c(=O)cc21,0
OROGSEYTTFOCAN-DNJOTXNNSA-N,COc1ccc2c3c1O[C@H]1[C@@H](O)C=C[C@H]4[C@@H](C2)N(C)CC[C@]314,0
SNICXCGAKADSCV-JTQLQIEISA-N,CN1CCC[C@H]1c1cccnc1,0
LVWZTYCIRDMTEY-UHFFFAOYSA-M,Cc1c(N(C)CS(=O)(=O)[O-])c(=O)n(-c2ccccc2)n1C,0
BBNQQADTFFCFGB-UHFFFAOYSA-N,O=C1c2ccccc2C(=O)c2c(O)c(O)cc(O)c21,1
HYBBIBNJHNGZAN-UHFFFAOYSA-N,O=Cc1ccco1,1
BBFQZRXNYIEMAW-UHFFFAOYSA-M,COc1cccc2c1cc([N+](=O)[O-])c1c(C(=O)[O-])cc3c(c12)OCO3,1
LLEMOWNGBBNAJR-UHFFFAOYSA-N,Oc1ccccc1-c1ccccc1,1
UPZFHUODAYGHDZ-RMKNXTFCSA-M,COc1ccc(C(=O)/C(Br)=C\C(=O)[O-])cc1,1
LAINPTZBIXYTIZ-UHFFFAOYSA-L,O=C([O-])c1ccccc1-c1c2cc(I)c(=O)c(I)c-2oc2c(I)c([O-])c(I)cc12,0
QEVHRUUCFGRFIF-MDEJGZGSSA-N,COC(=O)[C@H]1[C@H]2C[C@@H]3c4[nH]c5cc(OC)ccc5c4CCN3C[C@H]2C[C@@H](OC(=O)c2cc(OC)c(OC)c(OC)c2)[C@@H]1OC,1
XPHPBNGAXWJHHP-UHFFFAOYSA-N,O=C(Nc1ccc2c(c1)Cc1ccccc1-2)C(F)(F)F,1
MIWUTEVJIISHCP-UHFFFAOYSA-N,O=[N+]([O-])c1cc(N(CCO)CCO)ccc1NCCO,0
BOSMZFBHAYFUBJ-UHFFFAOYSA-N,Cc1ccc(OP(=O)(Oc2ccc(C)cc2)Oc2ccc(C)cc2)cc1,0
RGPBUVUVZKQNHD-MDZDMXLPSA-N,CCCCCCCC/C=C/CCCCCCCC(=O)OCCOCC(OCCO)C1OC(OCCO)CC1OCCO,0
PCEAPJVBSINMNW-UHFFFAOYSA-N,Brc1cc(-c2ccc(Br)c(Br)c2Br)cc(Br)c1Br,0
CVBMAZKKCSYWQR-WCGOZPBSSA-N,COC(=O)[C@H]1[C@H]2C[C@@H]3c4[nH]c5ccccc5c4CCN3C[C@H]2C[C@@H](OC(=O)c2cc(OC)c(OC)c(OC)c2)[C@@H]1OC,0
NCMZQTLCXHGLOK-ZKHIMWLXSA-N,CC(=O)O[C@H]1CC[C@@]2(C)C(=CC[C@H]3[C@@H]4CCC(=O)[C@@]4(C)CC[C@@H]32)C1,1
GSCLMSFRWBPUSK-UHFFFAOYSA-N,CC1CC(=O)O1,1
QELUYTUMUWHWMC-UHFFFAOYSA-N,CC1=NN(c2ccccc2)C(=O)C1,0
VOVIALXJUBGFJZ-VXKMTNQYSA-N,CCC[C@@H]1O[C@@H]2C[C@H]3[C@@H]4CCC5=CC(=O)C=C[C@]5(C)[C@H]4[C@@H](O)C[C@]3(C)[C@]2(C(=O)CO)O1,1
PIAOLBVUVDXHHL-VOTSOKGWSA-N,O=[N+]([O-])/C=C/c1ccccc1,0
KQSABULTKYLFEV-UHFFFAOYSA-N,Nc1cccc2c(N)cccc12,1
IKGXIBQEEMLURG-NVPNHPEKSA-N,C[C@@H]1O[C@@H](OC[C@H]2O[C@@H](Oc3c(-c4ccc(O)c(O)c4)oc4cc(O)cc(O)c4c3=O)[C@H](O)[C@@H](O)[C@@H]2O)[C@H](O)[C@H](O)[C@H]1O,0
HPSUPGAVFFFPMQ-UHFFFAOYSA-N,CCC(Cl)CCC(Cl)C(Cl)CC(Cl)C(Cl)C(Cl)CCl,1
UXOXUHMFQZEAFR-UHFFFAOYSA-N,Nc1cc(Cl)c(-c2cc(Cl)c(N)cc2Cl)cc1Cl,0
SMHPLBXIVNQFBA-UHFFFAOYSA-N,O=[N+]([O-])c1ccc2ncccc2c1,0
OQHHSGRZCKGLCY-UHFFFAOYSA-N,O=[N+]([O-])c1cccc2cccnc12,1
CBEQULMOCCWAQT-WOJGMQOQSA-N,Cc1ccc(/C(=C\CN2CCCC2)c2ccccn2)cc1,0
SERLAGPUMNYUCK-DCUALPFSSA-N,OC[C@H]1O[C@H](OC[C@@H](O)[C@@H](O)[C@H](O)[C@H](O)CO)[C@H](O)[C@@H](O)[C@@H]1O,0
MGLZGLAFFOMWPB-UHFFFAOYSA-N,Nc1ccc(N)c(Cl)c1,0
BXIXXXYDDJVHDL-UHFFFAOYSA-N,Nc1ccc(Cl)cc1N,1
ZWUBBMDHSZDNTA-UHFFFAOYSA-N,Nc1ccc(Cl)c(N)c1,1
VLCDUOXHFNUCKK-UHFFFAOYSA-N,CNC(=S)NC,0
IXHBTMCLRNMKHZ-LBPRGKRZSA-N,CC(C)(C)NC[C@H](O)COc1cccc2c1CCCC2=O,0
FTOAOBMCPZCFFF-UHFFFAOYSA-M,CCC1(CC)C(=O)N=C([O-])NC1=O,1
MCIPQLOKVXSHTD-UHFFFAOYSA-N,C=CC(OCC)OCC,0
YBQZXXMEJHZYMB-UHFFFAOYSA-N,c1ccc(NNc2ccccc2)cc1,1
LPYUENQFPVNPHY-UHFFFAOYSA-N,COc1cccc(O)c1O,1
SGQVWNYSHWQNOS-UHFFFAOYSA-N,COc1cc2c(cc1N)oc1ccccc12,1
AVKUERGKIZMTKX-NJBDSQKTSA-N,CC1(C)S[C@@H]2[C@H](NC(=O)[C@H](N)c3ccccc3)C(=O)N2[C@H]1C(=O)O,0
DFBKLUNHFCTMDC-PICURKEMSA-N,ClC1=C(Cl)[C@]2(Cl)[C@@H]3[C@@H]4C[C@H]([C@@H]3[C@@]1(Cl)C2(Cl)Cl)[C@H]1O[C@@H]41,0
NSVFSAJIGAJDMR-UHFFFAOYSA-N,CC1=C(C(=O)OCCN(Cc2ccccc2)c2ccccc2)C(c2cccc([N+](=O)[O-])c2)C(P2(=O)OCC(C)(C)CO2)=C(C)N1,0
KAJICSGLHKRDLN-UHFFFAOYSA-N,S=C(NC1CCCCC1)NC1CCCCC1,0
QGNJRVVDBSJHIZ-QHLGVNSISA-N,CC(=O)OC/C=C(C)/C=C/C=C(C)/C=C/C1=C(C)CCCC1(C)C,1
TWLBRQVYXPMCFK-UHFFFAOYSA-N,Cc1ccccc1N=O,1
ALBYIUDWACNRRB-UHFFFAOYSA-N,CCCCCC(N)=O,0
VMUXSMXIQBNMGZ-UHFFFAOYSA-N,O=C1CCc2ccccc2O1,1
ZBCATMYQYDCTIZ-UHFFFAOYSA-N,Cc1ccc(O)c(O)c1,1
RMSWMRJVUJSDGN-UHFFFAOYSA-N,Cc1nnc2n1-c1sc(CCc3ccc(CC(C)C)cc3)cc1C(c1ccccc1Cl)=NC2C,0
FCKJYANJHNLEEP-XRWYNYHCSA-N,C=C1CC[C@H](O)C/C1=C/C=C1\CCC[C@@]2(C)[C@H]1CC[C@@H]2[C@H](C)CC[C@@H](O)C(C)(C)O,0
LUSZGTFNYDARNI-UHFFFAOYSA-N,Oc1ccc2c(c1)OCO2,1
RLYCRLGLCUXUPO-UHFFFAOYSA-N,Cc1c(N)cccc1N,0
WZUVPPKBWHMQCE-CJNGLKHVSA-N,Oc1cc2c(cc1O)[C@H]1c3ccc(O)c(O)c3OC[C@@]1(O)C2,1
QBYJBZPUGVGKQQ-SUFXPJIHSA-N,ClC1=C(Cl)[C@]2(Cl)[C@H]3[C@H](C4C=C[C@H]3C4)C1(Cl)C2(Cl)Cl,0
JRLTTZUODKEYDH-UHFFFAOYSA-N,Cc1cccc2cccnc12,0
UEALKTCRMBVTFN-UHFFFAOYSA-N,Nc1cc([N+](=O)[O-])ccc1C(=O)O,0
HIGQPQRQIQDZMP-DHZHZOJOSA-N,CC(=O)OC/C=C(\C)CCC=C(C)C,0
QYSXYAURTRCDJU-UHFFFAOYSA-N,CCC(O)OC(O)CC,0
FQDIANVAWVHZIR-OWOJBTEDSA-N,ClC/C=C/CCl,1
JZHGRUMIRATHIU-UHFFFAOYSA-N,C=Cc1cccc(C)c1,0
DTPFDWCBDYPUHO-UHFFFAOYSA-N,O=NN([O-])c1ccccc1,1
HCAJEUSONLESMK-UHFFFAOYSA-M,O=S(=O)([O-])NC1CCCCC1,0
BBDAGFIXKZCXAH-CCXZUQQUSA-N,N=c1ccn2c(n1)O[C@H]1[C@H](O)[C@@H](CO)O[C@H]12,0
OMOSYYVYEGXVHK-UHFFFAOYSA-M,O=[N+]([O-])c1ccc(Nc2ccc(Nc3ccccc3)c(S(=O)(=O)[O-])c2)c([N+](=O)[O-])c1,1
FODTZLFLDFKIQH-FSVGXZBPSA-N,COc1cc(/C=C/C(=O)O[C@H]2CC[C@]34C[C@]35CC[C@]3(C)[C@@H]([C@H](C)CCC=C(C)C)CC[C@@]3(C)[C@@H]5CC[C@H]4C2(C)C)ccc1O,0
ALRLPDGCPYIVHP-UHFFFAOYSA-N,O=[N+]([O-])c1ccc2ccc3cccc4ccc1c2c34,1
RUVINXPYWBROJD-ONEGZZNKSA-N,C/C=C/c1ccc(OC)cc1,0
SONNWYBIRXJNDC-VIFPVBQESA-N,CNC[C@H](O)c1cccc(O)c1,0
QIVBCDIJIAJPQS-VIFPVBQESA-N,N[C@@H](Cc1c[nH]c2ccccc12)C(=O)O,0
FMGSKLZLMKYGDP-USOAJAOKSA-N,C[C@]12CC[C@H]3[C@@H](CC=C4C[C@@H](O)CC[C@@]43C)[C@@H]1CCC2=O,1
FBHSPRKOSMHSIF-GRMWVWQJSA-N,CC(=O)OCC(=O)[C@@]12N=C(C)O[C@@H]1C[C@H]1[C@@H]3CCC4=CC(=O)C=C[C@]4(C)[C@H]3[C@@H](O)C[C@@]12C,1
FLTYACUMGDVPLP-UHFFFAOYSA-M,CN(C)c1ccc(N=NS(=O)(=O)[O-])cc1,0
NALZTFARIYUCBY-UHFFFAOYSA-N,CCCC[N+](=O)[O-],0
CUARLQDWYSRQDF-UHFFFAOYSA-N,O=[N+]([O-])c1ccc2c3c(cccc13)CC2,1
HSXKWKJCZNRMJO-UHFFFAOYSA-N,CC(=O)OC(OC(C)=O)c1ccc([N+](=O)[O-])o1,0
IBXPYPUJPLLOIN-UHFFFAOYSA-N,Cc1ncc([N+](=O)[O-])n1C,1
DMSHKWHLXNDUST-UHFFFAOYSA-N,Cc1ccc(NC(N)=O)cc1,0
JBIJLHTVPXGSAM-UHFFFAOYSA-N,Nc1ccc2ccccc2c1,1
HNURKXXMYARGAY-UHFFFAOYSA-N,CC(C)(C)c1cc(CO)cc(C(C)(C)C)c1O,0
DDBREPKUVSBGFI-UHFFFAOYSA-M,CCC1(c2ccccc2)C(=O)N=C([O-])NC1=O,1
QVCMHGGNRFRMAD-XFGHUUIASA-N,C[C@H]1C(=O)O[C@@H]2CCN3CC=C(COC(=O)[C@](C)(O)[C@]1(C)O)[C@H]23,1
YTISFYMPVILQRL-UHFFFAOYSA-N,Nc1ccc(Oc2ccc(Cl)cc2)cc1,1
YCIMNLLNPGFGHC-UHFFFAOYSA-N,Oc1ccccc1O,1
GQCZPFJGIXHZMB-UHFFFAOYSA-N,CC(O)COC(C)(C)C,0
KWGRBVOPPLSCSI-WPRPVWTQSA-N,CN[C@@H](C)[C@H](O)c1ccccc1,0
MVGSNCBCUWPVDA-MFOYZWKCSA-N,CC1=C(CC(=O)O)c2cc(F)ccc2/C1=C\c1ccc(S(C)(=O)=O)cc1,0
LAOZSCRCYVBSJA-UHFFFAOYSA-N,CC1(C)C(=O)NC(=O)NC1=O,0
ARZWATDYIYAUTA-UHFFFAOYSA-N,Cn1c(N)nc2c3cccnc3ccc21,1
DFBKLUNHFCTMDC-GKRDHZSOSA-N,ClC1=C(Cl)[C@]2(Cl)[C@H]3[C@H]([C@@H]4C[C@H]3[C@H]3O[C@@H]43)[C@@]1(Cl)C2(Cl)Cl,0
OEJNXTAZZBRGDN-UHFFFAOYSA-N,C=C1C(CCl)(CCl)C2(Cl)C(Cl)C(Cl)C1(Cl)C2(Cl)Cl,0
ICMWWNHDUZJFDW-DHODBPELSA-N,C[C@]12C/C(=C/O)C(=O)C[C@@H]1CC[C@@H]1[C@@H]2CC[C@@]2(C)[C@H]1CC[C@]2(C)O,1
WZCQRUWWHSTZEM-UHFFFAOYSA-N,Nc1cccc(N)c1,0
AMTRFSFECFPSHF-UHFFFAOYSA-N,CN(N=O)c1ccc([N+](=O)[O-])cc1,0
JMEVHYCNAPFOAB-UHFFFAOYSA-L,O=C1/C(=C2\Nc3ccc(S(=O)(=O)[O-])cc3C2=O)Nc2ccc(S(=O)(=O)[O-])cc21,0
OZVBMTJYIDMWIL-AYFBDAFISA-N,CC(C)C[C@H]1C(=O)N2CCC[C@H]2[C@]2(O)O[C@](NC(=O)[C@@H]3C=C4c5cccc6[nH]c(Br)c(c56)C[C@H]4N(C)C3)(C(C)C)C(=O)N12,1
AWYFNIZYMPNGAI-UHFFFAOYSA-L,S=C([S-])NCCNC(=S)[S-],1
SGDBTWWWUNNDEQ-LBPRGKRZSA-N,N[C@@H](Cc1ccc(N(CCCl)CCCl)cc1)C(=O)O,1
OTVAEFIXJLOWRX-NXEZZACHSA-N,CS(=O)(=O)c1ccc([C@@H](O)[C@@H](CO)NC(=O)C(Cl)Cl)cc1,0
VTWQUFUBSCXPOW-UHFFFAOYSA-N,Nc1nnc(-c2ccc([N+](=O)[O-])o2)o1,1
WTTJVINHCBCLGX-NQLNTKRDSA-N,CCCCC/C=C\C/C=C\CCCCCCCC(=O)OC,0
PNENOUKIPPERMY-UHFFFAOYSA-N,O=[N+]([O-])c1ccc(NCCO)c(OCCO)c1,0
OZQDLJNDRVBCST-SHUUEZRQSA-N,Nc1cnn([C@@H]2O[C@H](CO)[C@@H](O)[C@H]2O)c(=O)n1,0
NRNCYVBFPDDJNE-UHFFFAOYSA-N,NC1=NC(=O)C(c2ccccc2)O1,0
OWZREIFADZCYQD-NSHGMRRFSA-N,CC1(C)[C@@H](C=C(Br)Br)[C@H]1C(=O)O[C@H](C#N)c1cccc(Oc2ccccc2)c1,0
MVPPADPHJFYWMZ-UHFFFAOYSA-N,Clc1ccccc1,1
LLEMOWNGBBNAJR-UHFFFAOYSA-M,[O-]c1ccccc1-c1ccccc1,1
SRRJCDUOSQWHGS-UHFFFAOYSA-M,CCN(Cc1cccc(S(=O)(=O)[O-])c1)c1ccc(C(=C2C=CC(=[N+](CC)Cc3cccc(S(=O)(=O)[O-])c3)C=C2)c2ccccc2)cc1,1
XUJNEKJLAYXESH-REOHCLBHSA-N,N[C@@H](CS)C(=O)O,0
VTOUNUQLXMNNMQ-UHFFFAOYSA-N,NNc1nc(-c2ccccc2)cs1,0
VVJKKKDJADMKNM-UHFFFAOYSA-L,CCN(Cc1cccc(S(=O)(=O)[O-])c1)c1ccc(C(=C2C=CC(=[N+](CC)Cc3cccc(S(=O)(=O)[O-])c3)C=C2)c2ccc(O)cc2S(=O)(=O)[O-])cc1,0
ZRKZFNZPJKEWPC-UHFFFAOYSA-N,CCCCCCCCCC[N+](C)(C)[O-],0
ATMNQRRJNBCQJO-UHFFFAOYSA-N,CCCCCCOc1cc(C)c(O)c(C)c1C,0
IAOZJIPTCAWIRG-QWRGUYRKSA-N,COC(=O)[C@H](Cc1ccccc1)NC(=O)[C@@H](N)CC(=O)O,0
FJLGEFLZQAZZCD-MCBHFWOFSA-N,CC(C)n1c(/C=C/[C@@H](O)C[C@@H](O)CC(=O)O)c(-c2ccc(F)cc2)c2ccccc21,1
JLTDJTHDQAWBAV-UHFFFAOYSA-N,CN(C)c1ccccc1,1
WECDUOXQLAIPQW-UHFFFAOYSA-N,Cc1cc(Cc2ccc(N)c(C)c2)ccc1N,1
MBMQEIFVQACCCH-QBODLPLBSA-N,C[C@H]1CCCC(=O)CCC/C=C/c2cc(O)cc(O)c2C(=O)O1,0
WYURNTSHIVDZCO-UHFFFAOYSA-N,C1CCOC1,1
MZHCENGPTKEIGP-RXMQYKEDSA-N,C[C@@H](Oc1ccc(Cl)cc1Cl)C(=O)O,0
ZOJPXCPZDSRIKP-UHFFFAOYSA-N,NNc1nc(-c2ccc([N+](=O)[O-])cc2)cs1,1
OGRXKBUCZFFSTL-UHFFFAOYSA-N,CN(CCCC(O)c1cccnc1)N=O,1
UTGQNNCQYDRXCH-UHFFFAOYSA-N,c1ccc(Nc2ccc(Nc3ccccc3)cc2)cc1,0
WHUUTDBJXJRKMK-GSVOUGTGSA-N,N[C@H](CCC(=O)O)C(=O)O,0
NCXMLFZGDNKEPB-FFPOYIOWSA-N,C[C@@H]1C/C=C/C=C/C=C/C=C/[C@H](O[C@@H]2O[C@H](C)[C@@H](O)[C@H](N)[C@@H]2O)C[C@@H]2O[C@](O)(C[C@@H](O)C[C@H]3O[C@@H]3/C=C/C(=O)O1)C[C@H](O)[C@H]2C(=O)O,0
UWPBQLKEHGGKKD-GZTJUZNOSA-N,O=C(O)CCCC/C=C(\c1ccccc1)c1cccnc1,0
XJSFLOJWULLJQS-HTYUZQQASA-N,COC1[C@@H](O[C@@H]2O[C@H](C)[C@@H](O[C@H]3C[C@@](C)(O)[C@H](OC(=O)CC(C)C)[C@H](C)O3)[C@H](N(C)C)[C@H]2O)[C@@H](CC=O)C[C@@H](C)[C@@H](O)/C=C/C=C/C[C@@H](C)OC(=O)C[C@H]1OC(C)=O,0
QFVYAQIVJUCNSJ-UHFFFAOYSA-M,Cc1cc(C)cc(S(=O)(=O)[O-])c1,0
QGSDAATWYASQKL-UHFFFAOYSA-N,COC(=O)C(c1ccccc1)C1CCCCN1N=O,0
BELPJCDYWUCHKF-UHFFFAOYSA-N,CC(=O)OCN=[N+](C)[O-],1
IYHIFXGFKVJNBB-UHFFFAOYSA-M,Cc1cc(/N=N/c2c(O)ccc3ccccc23)c(S(=O)(=O)[O-])cc1Cl,1
IVLCGFRPPGNALI-UHFFFAOYSA-N,Cc1cc2c(nc1N)[nH]c1ccccc12,1
DPYMAXOKJUBANR-WDSKDSINSA-N,C[C@H]1CN(N=O)C[C@H](C)O1,1
SCVJRXQHFJXZFZ-KVQBGUIXSA-N,Nc1nc(=S)c2ncn([C@H]3C[C@H](O)[C@@H](CO)O3)c2[nH]1,1
VHVOLFRBFDOUSH-NSCUHMNNSA-N,C/C=C/c1ccc2c(c1)OCO2,1
TVPUTMQDDIFOKD-UHFFFAOYSA-N,Cc1ccc(S(=O)(=O)OCC(N)CN=O)cc1,1
WDAHFRFQQRIZTK-UHFFFAOYSA-N,CN(C)CCN(C)N=O,1
CUWVNOSSZYUJAE-UHFFFAOYSA-N,CC(C)=NNc1ncc(-c2ccc([N+](=O)[O-])o2)s1,1
TXUCQVJZBXYDKH-UHFFFAOYSA-N,C=CC(OC(C)=O)c1ccc2c(c1)OCO2,1
SVLDILRDQOVJED-UHFFFAOYSA-N,CC(=O)Nc1ccc(-c2ccccc2)cc1,1
POECHIXSIXBYKI-UHFFFAOYSA-N,CC(=O)Nc1cccc2c1Cc1ccccc1-2,0
KMNIXISXZFPRDC-ARJAWSKDSA-N,C=C/C=N/O,0
WYIWLDSPNDMZIT-BTKFHORUSA-N,COc1cc2c(c3oc(=O)c4c(c13)CC[C@H]4O)[C@@H]1C=CO[C@H]1O2,1
QGLZXHRNAYXIBU-UITAMQMPSA-N,CNC(=O)O/N=C/C(C)(C)SC,0
CJTZDYDOPZRFTF-UHFFFAOYSA-M,CCCCCCCCCCC(C)c1ccc(S(=O)(=O)[O-])cc1,0
WBBDVRPSJSJSPC-UHFFFAOYSA-N,C=CCN(N=O)C(N)=O,1
MOMKQYRYLQUFMV-UHFFFAOYSA-N,NC(N)=Nc1nc(CSCCNc2nsnc2N)cs1,1
SXZZHGJWUBJKHH-UHFFFAOYSA-N,Nc1nnc(-c2ccc([N+](=O)[O-])o2)s1,1
ZAVLMIGIVYJYMU-UHFFFAOYSA-N,Nc1nc(-c2ccc([N+](=O)[O-])o2)cs1,1
GUOSQNAUYHMCRU-UHFFFAOYSA-N,NCCCCCCCCCCC(=O)O,1
ALFHIHDQSYXSGP-UHFFFAOYSA-N,Clc1ccc(-c2cccc(Cl)c2Cl)c(Cl)c1,1
CIWBSHSKHKDKBQ-UHFFFAOYSA-M,O=C1OC(C(O)CO)C([O-])=C1O,0
NOLAXNLVEYHWHM-UHFFFAOYSA-N,CCCN=[N+]([O-])CCC,1
GWSLPKWCBFSXCD-UHFFFAOYSA-N,CC(C)N=[N+]([O-])C(C)C,1
OZSPQIXKOVJJGE-UHFFFAOYSA-N,CCOCCc1c(-c2ccccc2)nc(N)n2ncnc12,1
QPDGFLZXRKDMRL-UHFFFAOYSA-N,O=[N+]([O-])c1ccc(-c2nc(N(CCO)CCO)c3ccccc3n2)s1,1
RXERRVKLABZRCU-UHFFFAOYSA-J,CC(=O)Nc1ccc(S(=O)(=O)[O-])c2c1C(=O)/C(=N/Nc1ccc(N=Nc3ccc(S(=O)(=O)[O-])cc3)c3ccc(S(=O)(=O)[O-])cc13)C(S(=O)(=O)[O-])=C2,0
CAYKRNRJWGOQFB-UBRDZIHCSA-J,Nc1cc(S(=O)(=O)[O-])cc2c1C(=O)/C(=N/Nc1ccc(-c3ccc(N/N=C4\C(=O)c5c(N)cc(S(=O)(=O)[O-])cc5C=C4S(=O)(=O)[O-])cc3)cc1)C(S(=O)(=O)[O-])=C2,1
PPTLBHXIEYOOGI-UTKMUYHOSA-J,COc1cc(-c2ccc(N/N=C3\C(=O)c4c(N)cc(S(=O)(=O)[O-])cc4C=C3S(=O)(=O)[O-])c(OC)c2)ccc1N/N=C1\C(=O)c2c(N)cc(S(=O)(=O)[O-])cc2C=C1S(=O)(=O)[O-],1
JSFUMBWFPQSADC-UHFFFAOYSA-N,Nc1ccc(N)c2c1C(=O)c1c(N)ccc(N)c1C2=O,1
CTRXDTYTAAKVSM-UHFFFAOYSA-L,CCN(Cc1cccc(S(=O)(=O)[O-])c1)c1ccc(C(=C2C=CC(=[N+](CC)Cc3cccc(S(=O)(=O)[O-])c3)C=C2)c2ccccc2S(=O)(=O)[O-])cc1,0
MWJSMPQOVHQYTE-UHFFFAOYSA-N,CNc1ccc(N(CCO)CCO)cc1[N+](=O)[O-],1
FJNCPBNCTRDXFB-UHFFFAOYSA-N,CCCCN(N=O)/C(N)=N/[N+](=O)[O-],0
QAIPRVGONGVQAS-DUXPYHPUSA-N,O=C(O)/C=C/c1ccc(O)c(O)c1,1
WUTYZMFRCNBCHQ-PSASIEDQSA-N,C[C@@H]1O[C@@]2(CS1)CN1CCC2CC1,0
BIWJNBZANLAXMG-POTNBKISSA-N,ClC1=C(Cl)[C@@]2(Cl)[C@H]3[C@H](C[C@@H](Cl)[C@@H]3Cl)C1(Cl)C2(Cl)Cl,0
DJKGDNKYTKCJKD-MVWZDZTGSA-N,O=C(O)[C@@H]1[C@H](C(=O)O)[C@@]2(Cl)C(Cl)=C(Cl)[C@]1(Cl)C2(Cl)Cl,1
HVQBXIKXSLRJKP-UHFFFAOYSA-N,CCCC(Cl)CCC(Cl)CCC(Cl)CCC(Cl)CCC(Cl)CCC(Cl)CCC(C)Cl,0
IFXSWTIWFGIXQO-AOOOYVTPSA-N,C[C@H]1C[C@@H](C)CN(S(=O)(=O)c2ccc(Cl)c(C(=O)O)c2)C1,1
MYBLAOJMRYYKMS-PVFLNQBWSA-N,O=NN(CCCl)C(=O)N[C@H]1[C@@H](O)O[C@H](CO)[C@@H](O)[C@@H]1O,1
GABQNAFEZZDSCM-RMKNXTFCSA-N,Nc1ccccc1C(=O)OC/C=C/c1ccccc1,1
WTEVQBCEXWBHNA-JXMROGBWSA-N,CC(C)=CCC/C(C)=C/C=O,0
CBGDIJWINPWWJW-FSPLSTOPSA-N,CC1=C2C(=CO[C@@H](C)[C@@H]2C)C(=O)C(C(=O)O)=C1O,1
YEGVHSDONMXATH-LKVOMWJFSA-N,C=C/C1=C/[C@H](C)[C@](C)(OC(C)=O)C(=O)OCC2=CC[N+]3(C)CC[C@@H](OC1=O)C23[O-],1
KTXUOWUHFLBZPW-UHFFFAOYSA-N,Clc1cccc(-c2cccc(Cl)c2)c1,1
MLUCVPSAIODCQM-NSCUHMNNSA-N,C/C=C/C=O,1
RRRUXBQSQLKHEL-UHFFFAOYSA-N,COc1ccc(C(=O)Nc2c(Cl)cncc2Cl)cc1OC1CCCC1,1
SKNCUWLBDFPISU-UHFFFAOYSA-N,CC(=O)N(C(C)=O)c1cccc2c1Cc1ccccc1-2,1
REJHVSOVQBJEBF-OWOJBTEDSA-L,Nc1ccc(/C=C/c2ccc(N)cc2S(=O)(=O)[O-])c(S(=O)(=O)[O-])c1,0
UDEMDZGFESTJMK-UHFFFAOYSA-N,N#[N+]c1cc(CCN)ccc1[O-],1
GHQCIALFYKYZGS-UHFFFAOYSA-N,Nc1ccc2c(c1)oc1ccccc12,1
AZJUFRDUYTYIHV-NKFKGCMQSA-N,C/C(=C(\CCOC(=O)c1ccccc1)SC(=O)c1ccccc1)N(C=O)Cc1cnc(C)nc1N,0
VFKZTMPDYBFSTM-UNTFVMJOSA-N,O[C@@H]([C@H](O)[C@@H](O)CBr)[C@@H](O)CBr,1
VYTOCZMQXCNIPD-UHFFFAOYSA-N,Brc1cc(Br)c2cccnc2c1,0
OWGLVQAUSIPFBA-UHFFFAOYSA-N,CCCCNC(=O)N(CCCC)N=O,1
NBFMTHWVRBOVPE-UHFFFAOYSA-N,Clc1ccc2c(c1)Oc1ccc(Cl)cc1O2,0
LOVDWMTZZYUFMA-UHFFFAOYSA-N,ClC1C2(Cl)C3C4C5OC5C5C4C1(Cl)C(Cl)(C53)C2(Cl)Cl,0
KSSLUCNXTYSFDY-UHFFFAOYSA-N,CCN(CC)c1ccc(N=Nc2cc[n+]([O-])cc2)cc1,1
JIOUJVPLJOQUFD-UHFFFAOYSA-N,CCC(CC)C(=O)NC(N)=O,0
LJIRBXZDQGQUOO-KVTDHHQDSA-N,NC1=NCN([C@@H]2O[C@H](CO)[C@@H](O)[C@H]2O)C(=O)N1,0
UBXSITBCVLNRNX-UHFFFAOYSA-N,O=C1NC(c2ccc([N+](=O)[O-])s2)Nc2ccccc21,1
OZGXSMOLBWHIQA-ZZXKWVIFSA-N,COc1ccc(OC)c(/C=C/c2ccc(N)cc2)c1,1
DGLJLGBVHRQILR-UHFFFAOYSA-N,COc1cc(OC)c2c3c(c(=O)oc2c1)CCC3,0
JXDKCTHGAOIBAD-UHFFFAOYSA-N,COc1cc(OC)c2c3c(c(=O)oc2c1)CCC3=O,0
HMUODERFGQSGSR-UHFFFAOYSA-N,COc1cc(OC)c2c3c(c(=O)oc2c1)C(=O)CC3,0
RSPJLZQIZABVSE-UHFFFAOYSA-N,COc1cc(O)c2c(=O)c3c(OC)cc4c(c3oc2c1OC)C1C=COC1O4,1
RYBISXUKVTYYNN-UHFFFAOYSA-N,Cc1cc(C)nc(-c2ccc([N+](=O)[O-])o2)n1,1
XBMIVRRWGCYBTQ-AVRDEDQJSA-N,CC[C@H](OC(C)=O)C(C[C@H](C)N(C)C)(c1ccccc1)c1ccccc1,1
RLGAJSNJUZVZTA-HWKANZROSA-N,CN(C)CNc1nnc(/C=C/c2ccc([N+](=O)[O-])o2)o1,1
SYELZBGXAIXKHU-UHFFFAOYSA-N,CCCCCCCCCCCC[N+](C)(C)[O-],0
QXSIYYQGSPCIHN-UHFFFAOYSA-N,CN(C)Nc1nc(-c2ccc([N+](=O)[O-])o2)cs1,1
GMZOUDFUPHOZBW-UHFFFAOYSA-N,CN(N=O)C(=O)c1c(N(C)N=O)ncn1C,1
MDUDTPWNAUUTBJ-UHFFFAOYSA-N,CCCN(CCC)c1ccc(N=Nc2cc[n+]([O-])cc2)cc1,0
GRSZFWQUAKGDAV-KQYNXXCUSA-L,O=c1nc[nH]c2c1ncn2[C@@H]1O[C@H](COP(=O)([O-])[O-])[C@@H](O)[C@H]1O,0
MUSWYBCUWOLKQJ-FUHWJXTLSA-N,CCCCCCCCCCCCC(=O)COC1=C(O)C(=O)O[C@@H]1[C@@H](O)CO,0
KCXVZYZYPLLWCC-UHFFFAOYSA-K,O=C([O-])CN(CCN(CC(=O)[O-])CC(=O)O)CC(=O)[O-],0
LLGKRFQLIFCATF-DUZGATOHSA-N,O=C1O[C@H]([C@H](O)C[O-])C(O)=C1O,0
LRSFXIJGHRPOQQ-VZRQQIPSSA-N,C[C@]12CC[C@@H]3c4ccc(OC(=O)Cc5ccc(N(CCCl)CCCl)cc5)cc4CC[C@H]3[C@@H]1CC[C@@H]2OC(=O)Cc1ccc(N(CCCl)CCCl)cc1,0
SZOHWYCBDJPVGO-UHFFFAOYSA-N,CCN=[N+]([O-])CC,1
MIJJGTDCQRHTPM-UHFFFAOYSA-N,CC[N+]([O-])=NC,1
ULXKXLZEOGLCRJ-BYPYZUCNSA-N,CCSC[C@H](N)C(=O)O,0
ZGSCRDSBTNQPMS-UJURSFKZSA-N,CCOC1=C(O)C(=O)O[C@@H]1[C@@H](O)CO,0
RXXXJEQCRPLSOQ-UHFFFAOYSA-N,CCN(N=O)C(=O)NCCO,1
FMKBEVQUKYPUEJ-UHFFFAOYSA-N,CCN(N=O)C(=O)NCC(C)=O,1
JORMZLCKCZMVJM-UHFFFAOYSA-N,CC(=O)Nc1ccc(-c2ccc(F)cc2)cc1,1
CVNSFWDAXAKBIM-UHFFFAOYSA-N,NC(=O)N(CCF)N=O,1
KXPLUKKFTHWPIA-UHFFFAOYSA-N,O=CNNc1nc(-c2ccco2)cs1,0
YVPLYHWVALRLFV-UHFFFAOYSA-N,Cc1csc(NNC=O)n1,1
UVBUBMSSQKOIBE-ZWKVXHQASA-N,CCCC[C@H](C)[C@@H](OC(=O)C[C@H](CC(=O)O)C(=O)O)[C@@H](C[C@H](C)C[C@@H](O)CCCC[C@@H](O)C[C@H](O)[C@H](C)N)OC(=O)C[C@H](CC(=O)O)C(=O)O,1
XGCUCFKWVIWWNW-ASESAZNFSA-N,CC(=O)O[C@@H]1[C@@H](O)C2OC3C=C(C)C(=O)C(O)[C@@]3(CO)[C@]1(C)[C@]21CO1,0
AYLURHVFAYRSHT-UHFFFAOYSA-N,Cc1cccn2c1nc1ccc(N)nc12,1
BUXVIXBGMQXWGT-UHFFFAOYSA-N,Nc1ccc2nc3ccccn3c2n1,1
FVGANPIKNNCIKX-UHFFFAOYSA-L,CCN(Cc1cccc(S(=O)(=O)[O-])c1)c1ccc(C(=C2C=CC(=[N+](CC)Cc3cccc(S(=O)(=O)[O-])c3)C=C2)c2ccc(S(=O)(=O)[O-])cc2)cc1,1
JQPBCNVLZQUNCT-UHFFFAOYSA-N,CCCCCCN(N=O)C(N)=O,1
KNRMJISYMHRPTH-UHFFFAOYSA-N,NNc1nc(-c2ccc([N+](=O)[O-])o2)cs1,1
USYQPRSFXFKSHI-UHFFFAOYSA-N,CC(=O)Nc1ccc(-c2ccccc2)cc1O,0
ILGJVPVZCNNBKI-UHFFFAOYSA-N,Nc1ccc(-c2ccccc2)cc1O,0
VDDRCCQKLVNYHQ-XFFZJAGNSA-N,O=C1N(CCO)CCN1/N=C/c1ccc([N+](=O)[O-])o1,1
WOEOEFXOZUBXMR-UHFFFAOYSA-N,CCNC(=O)N(CCO)N=O,1
QPLQHOGBXHYUEB-UHFFFAOYSA-N,O=[N+]([O-])c1ccc(-c2nc(NCCO)c3ccccc3n2)s1,1
VVBJNJFYBCLUAH-UHFFFAOYSA-N,C=CC(O)c1ccc2c(c1)OCO2,1
ALCSGJCIESECFD-UHFFFAOYSA-N,NC(=O)CCCCn1ccc(NC(N)=NCC(F)(F)F)n1,1
NBZBKCUXIYYUSX-UHFFFAOYSA-M,O=C([O-])CNCC(=O)O,0
LZCQFJKUAIWHRW-UHFFFAOYSA-N,CC1(C)C(=O)Nc2ccc(C3=NNC(=O)CC3)cc21,1
LTINPJMVDKPJJI-UHFFFAOYSA-N,CC(I)C1OCC(CO)O1,1
PRHCHMGCDBUACR-UHFFFAOYSA-N,CCN(CC)CCCNC(=O)Cn1ncc(-c2ccccc2)c1-c1ccccc1,0
IDIMIWQPUHURPV-WTWIWYCDSA-N,C/C=C1/C[C@@H](C)[C@](O)(CO)C(=O)OCC2=CC[N+]3([O-])CC[C@@H](OC1=O)[C@@H]23,1
VQTUBCCKSQIDNK-UHFFFAOYSA-N,C=C(C)C,1
SSNMTYTXJCMMSO-UHFFFAOYSA-N,CC(C)CN(N=O)/C(N)=N/[N+](=O)[O-],0
QHOZSLCIKHUPSU-PNFBIMPKSA-N,C/C=C(/C)C(=O)O[C@H]1CCN2CC=C(COC(=O)[C@](O)([C@H](C)OC)C(C)(C)O)[C@H]12,1
VTLNPNNUIJHJQB-UHFFFAOYSA-N,Cn1nc(CO)nc1NCCCOc1cccc(CN2CCCCC2)c1,1
IKEHSFKMCULMKJ-UHFFFAOYSA-N,Cc1ccc(Cc2cnc(NCCSCc3ccc(CN(C)C)o3)[nH]c2=O)cn1,1
GMSHJLUJOABYOM-OWOJBTEDSA-M,O=C/C=C/[O-],1
MQXVYODZCMMZEM-ZYUZMQFOSA-N,O[C@H](CNCCCl)[C@@H](O)[C@H](O)[C@H](O)CNCCCl,0
IVLCGFRPPGNALI-UHFFFAOYSA-O,Cc1cc2c(nc1[NH3+])[nH]c1ccccc12,1
DVCCCQNKIYNAKB-UHFFFAOYSA-N,Cc1cnc2ccc3c(nc(N)n3C)c2n1,1
LUQHAHRMUPOTQK-UHFFFAOYSA-N,CN(C)CCN(Cc1ccco1)c1ccccn1,0
JPBFRFFNPXMVOJ-UHFFFAOYSA-N,CCN=[N+](C)[O-],1
WWBBEXJQOOTEIL-GDVMHIJESA-N,CCCCCC(/C=C/C=C\CCCCCCCC(=O)OC)OO,0
BJUPUKIYTMVLCW-WMZJFQQLSA-N,CC1CN(/N=C/c2ccc([N+](=O)[O-])o2)C(=O)N1,1
QEQYAQFYVFRGQD-YFKPBYRVSA-N,CN(N=O)C(=O)NCCC[C@H](N)C(=O)O,1
SSPVLHFEMWOTGD-ZCFIWIBFSA-N,C[C@@H]1CCCCN1N=O,1
SSPVLHFEMWOTGD-LURJTMIESA-N,C[C@H]1CCCCN1N=O,1
WHIVNJATOVLWBW-PLNGDYQASA-N,CC/C(C)=N/O,1
FZWGECJQACGGTI-UHFFFAOYSA-N,Cn1cnc2[nH]c(N)nc(=O)c21,0
CKLJMWTZIZZHCS-REOHCLBHSA-M,N[C@@H](CC(=O)O)C(=O)[O-],0
WHUUTDBJXJRKMK-VKHMYHEASA-M,N[C@@H](CCC(=O)O)C(=O)[O-],0
KDYFGRWQOYBRFD-UHFFFAOYSA-M,O=C([O-])CCC(=O)O,0
LNXOGILCIQPLRX-UHFFFAOYSA-N,O=[N+]([O-])c1ccc(-c2nc(N3CCOCC3)c3ccccc3n2)s1,1
YVQVOQKFMFRVGR-ODYDIQAQSA-N,O=C1O[C@@H](CN2CCOCC2)CN1/N=C/c1ccc([N+](=O)[O-])o1,1
UOIPFPSGIAWJAQ-UHFFFAOYSA-N,CCOc1ccc(NC(C)=O)cc1[N+](=O)[O-],0
WKIPQMJEBCEACS-UHFFFAOYSA-N,N/C(=N\O)c1ccc([N+](=O)[O-])o1,0
KGVQFUIYBAPYSK-UHFFFAOYSA-N,CC(=O)Nc1nnc(-c2ccc([N+](=O)[O-])o2)s1,1
NOMAVCLLBXUQRD-UHFFFAOYSA-N,O=[N+]([O-])c1ccc(-c2cscn2)o1,1
GYRMPDLIHUXUIG-UHFFFAOYSA-N,CC(=O)Nc1nc(-c2ccc([N+](=O)[O-])o2)cs1,1
OSFMMSIDSIQFIT-UHFFFAOYSA-N,CC(=O)Nc1nc(NC(C)=O)nc(-c2ccc([N+](=O)[O-])o2)n1,1
LDKGEUAGEISBIX-WAYWQWQTSA-N,CC/C=C(/CC)[N+](=O)[O-],1
SUGZATOHBPXTDV-UHFFFAOYSA-N,CCC(C)[N+](=O)[O-],1
RXPKOTQRDGEKFY-UHFFFAOYSA-N,CCC(CC)[N+](=O)[O-],1
VHNPZOQVSSWOJZ-UHFFFAOYSA-N,CC1CN(N=O)C(=O)NC1=O,0
FKZLAQOTFPPENP-UHFFFAOYSA-N,CC(O)CN(CC(O)CO)N=O,1
LUVOLNSYNLKFKR-UHFFFAOYSA-N,CC(=O)CN(CC(O)CO)N=O,1
FDCJUXDANKKYRM-UHFFFAOYSA-N,CC1CN(N=O)CC(C)N1C(=O)c1ccccc1,1
NIRHEGBBHNJANV-UHFFFAOYSA-N,O=NN1CCOC(O)C1,0
LSLCMDFPNJQMJN-UHFFFAOYSA-N,CC(O)CN(N=O)C(=O)NCCCl,1
YXVJNOXXPKIWIM-UHFFFAOYSA-N,CC(O)CN(CCO)N=O,1
XDZKGLWJXJTZJZ-UHFFFAOYSA-N,O=NN1CCC(O)C1,1
SRSYSQPJIQFKKN-UHFFFAOYSA-N,CC(C)CN(N=O)C(N)=O,1
QPUKANZXOGADOB-UHFFFAOYSA-N,CCCCCCCCCCCCN(C)N=O,1
GFIXPWIVPHYTAJ-UHFFFAOYSA-N,CN(N=O)c1ccc(F)cc1,1
FWIVLSMSIPKDRU-UHFFFAOYSA-N,CCCCCCCCCCN(C)N=O,1
MDACSTFMCAQQET-UHFFFAOYSA-N,O=NN1CCOC1=O,1
KIUHZRUPPGAVPY-UHFFFAOYSA-N,O=NN1CC=CCC1,1
MPIROZKBCRIFBH-UHFFFAOYSA-N,CC1CN(N=O)CC(C)N1C,1
DMCULBAURODNDN-UHFFFAOYSA-N,C=CCN(CC(O)CO)N=O,1
NLJASJZSFGKTQT-UHFFFAOYSA-N,C=CCN(CC(C)O)N=O,1
MATYBIXNDNXYMI-UHFFFAOYSA-N,C=CCN(CC(C)=O)N=O,1
ANASRAPCLNYZFM-UHFFFAOYSA-N,C=CCN(CCO)N=O,1
QKACYYADMAYIDQ-UHFFFAOYSA-N,CCCCCN(N=O)C(=O)OCC,1
WLIJZJZXWRTQIH-UHFFFAOYSA-N,CN(N=O)C(=O)Nc1nc2ccccc2s1,1
LFTUYYPQNCJQGN-UHFFFAOYSA-N,Cc1[nH]cnc1CSCCN=C(NC#N)N(C)N=O,0
HAGCCDDROWPBPR-UHFFFAOYSA-N,O=NN1CSCSC1,0
HQHACWYQWDKBOZ-UHFFFAOYSA-N,O=NN1CCCCCCCCCCCC1,1
ABVBOWJCKJGCJM-DMTCNVIQSA-N,O=NN1C[C@H](O)C[C@H]1C(=O)O,0
SJLBIPLIGYWGJV-UHFFFAOYSA-N,CN(CCCC(=O)O)N=O,1
GFOKXZBYAVRDMO-UHFFFAOYSA-N,CN(CCO)N=O,1
DNPICXVYNIZRFB-UHFFFAOYSA-N,CN(CCCO)N=O,1
SJPQUECDNWANFT-UHFFFAOYSA-N,CC(O)CN(C)N=O,1
CWULQTRBZMJZEG-UHFFFAOYSA-N,CC(=O)CN(C)N=O,1
SUJOMVHQTCCFTH-UHFFFAOYSA-N,Cc1ccc(S(=O)(=O)OCCN(C)N=O)cc1,1
TZBWQIWBMMBFBF-UHFFFAOYSA-N,CCCCCCCCCCCN(C)N=O,1
ZQELURDMDMQXQV-UHFFFAOYSA-N,O=NN1CCCC1c1ccc[n+]([O-])c1,1
WLKPHJWEIIAIFW-BYPYZUCNSA-N,O=NN1CCC[C@H]1C(=O)O,0
HAKZNKDZKQNRNW-UHFFFAOYSA-N,CC1SC(C)N(N=O)C(C)S1,1
OMDNEQQMLDYBTR-UHFFFAOYSA-N,O=NN1CCSCC1,1
RWQKHEORZBHNRI-BMIGLBTASA-N,C[C@@H]1Cc2c(Cl)cc(C(=O)N[C@@H](Cc3ccccc3)C(=O)O)c(O)c2C(=O)O1,1
RUYUCCQRWINUHE-UHFFFAOYSA-N,ClC(Cl)=C(Cl)c1c(Cl)c(Cl)c(Cl)c(Cl)c1Cl,0
PXQPEWDEAKTCGB-UHFFFAOYSA-M,O=C([O-])c1cc(=O)[nH]c(=O)[nH]1,0
KZAUOCCYDRDERY-WEVVVXLNSA-N,CNC(=O)O/N=C(\SC)C(=O)N(C)C,0
PYGNVSDRIIPHQP-UHFFFAOYSA-N,CC(=O)Nc1ccc2c(c1)C(=O)c1ccccc1-2,1
KTTAHABZUYACCH-UHFFFAOYSA-N,CC(=O)CN(N=O)C(=O)NCCCl,0
BUMHFBGBXFTGJZ-UHFFFAOYSA-N,CC(=O)CN(N=O)C(N)=O,0
LNOUMTOCQWMBOJ-UHFFFAOYSA-N,C=CC(=O)c1ccc2c(c1)OCO2,0
HOEFWOBLOGZQIQ-UHFFFAOYSA-N,S=C(SN1CCOCC1)N1CCOCC1,1
OKMNBMCHWAWZBL-UHFFFAOYSA-N,CCCCCN(N=O)/C(N)=N/[N+](=O)[O-],0
CZQLULNMKQAIQL-AXFDMLSGSA-N,C[C@H]1OC12C[C@@H](C)[C@@](C)(O)C(=O)OCC1=CCN(C)CC[C@@H](OC2=O)C1=O,1
SPJCRMJCFSJKDE-ZWBUGVOYSA-N,CC(C)CCC[C@@H](C)[C@H]1CC[C@H]2[C@@H]3CC=C4C[C@@H](OC(=O)Cc5ccc(N(CCCl)CCCl)cc5)CC[C@]4(C)[C@H]3CC[C@@]21C,1
CZQNYPBIOHVQQN-CSKARUKUSA-N,COc1cc(/C=C/C(=O)OCCc2ccccc2)ccc1O,0
VJNWEQGIPZMBMA-UHFFFAOYSA-N,S=C=NCCCCCCc1ccccc1,0
GRUOGLPIAPZLHJ-UHFFFAOYSA-N,S=C=NCCCc1ccccc1,0
HMBBJSKXDBUNNT-UHFFFAOYSA-N,Brc1cc(Br)c(-c2cc(Br)c(Br)cc2Br)cc1Br,1
BLXVTZPGEOGTGG-UHFFFAOYSA-N,CCCCCCCCCc1ccc(OCCOCCO)cc1,0
XWRBMHSLXKNRJX-UHFFFAOYSA-N,C=Cc1cccc[n+]1[O-],0
HFVNWDWLWUCIHC-GUPDPFMOSA-N,C[C@]12C[C@H](O)[C@H]3[C@@H](CCC4=CC(=O)C=C[C@@]43C)[C@@H]1CC[C@]2(O)C(=O)COC(=O)CCCc1ccc(N(CCCl)CCCl)cc1,1
YJBYRYVLFAUXBJ-HFTRVMKXSA-M,C[C@]12CC[C@H]3C(=CCc4cc(OS(=O)(=O)[O-])ccc43)[C@@H]1CCC2=O,0
JZGWEIPJUAIDHM-UHFFFAOYSA-K,O=C1C=Cc2cc(S(=O)(=O)[O-])cc(S(=O)(=O)[O-])c2/C1=N/Nc1ccc(S(=O)(=O)[O-])c2ccccc12,1
TVWOWDDBXAFQDG-UHFFFAOYSA-L,O=C1/C(=N\Nc2ccc(S(=O)(=O)[O-])c3ccccc23)C=C(S(=O)(=O)[O-])c2ccccc21,0
ZLFVRXUOSPRRKQ-UHFFFAOYSA-N,Cc1ccc(N/N=C2\C(=O)C=Cc3ccccc32)c([N+](=O)[O-])c1,1
SOFRHZUTPGJWAM-UHFFFAOYSA-N,COc1ccc([N+](=O)[O-])cc1N/N=C1/C(=O)C(C(=O)Nc2cccc([N+](=O)[O-])c2)=Cc2ccccc21,0
SRPCPRSDICCCRQ-UHFFFAOYSA-M,O=C1C=Cc2ccccc2/C1=N/Nc1ccc2ccccc2c1S(=O)(=O)[O-],0
BCJMNZRQJAVDLD-CQRYIUNCSA-N,C/C=C1/C[C@@H](C)[C@](O)(CO)C(=O)OCC2=CCN3CC[C@@H](OC1=O)[C@@H]23,1
YFHYNLHGFKXAIQ-UHFFFAOYSA-N,CCn1nc(C)c2c1C(c1ccccc1)=NCC(=O)N2,0
YDCMWLQSPFTWCS-UHFFFAOYSA-N,CC1=CC(=C(c2ccc(N)cc2)c2ccc(N)cc2)C=CC1=N,0
STECJAGHUSJQJN-GAUPFVANSA-N,CN1[C@H]2CC(OC(=O)[C@@H](CO)c3ccccc3)C[C@@H]1[C@H]1O[C@@H]21,0
UEDUENGHJMELGK-HYDKPPNVSA-N,C=C1C[C@@]23CC[C@H]4[C@@](C)(CCC[C@@]4(C)C(=O)O[C@@H]4O[C@H](CO)[C@@H](O)[C@H](O)[C@H]4O)[C@@H]2CC[C@]1(O[C@@H]1O[C@H](CO)[C@@H](O)[C@H](O)[C@H]1O[C@@H]1O[C@H](CO)[C@@H](O)[C@H](O)[C@H]1O)C3,0
UVGUPMLLGBCFEJ-SWTLDUCYSA-N,CC(=O)OC[C@H]1O[C@H](O[C@]2(COC(C)=O)O[C@H](COC(=O)C(C)C)[C@@H](OC(=O)C(C)C)[C@@H]2OC(=O)C(C)C)[C@H](OC(=O)C(C)C)[C@@H](OC(=O)C(C)C)[C@@H]1OC(=O)C(C)C,0
AMTPYFGPPVFBBI-UHFFFAOYSA-N,CC(=O)Nc1ccc(S(=O)(=O)c2ccc(NC(C)=O)cc2)cc1,1
MVWPTZQHBOWRTF-OEQXRFFVSA-N,C/C=C(\C)C(=O)O[C@@H]1CCN2CC=C(COC(=O)C(O)(C(C)C)C(C)O)[C@H]12,1
ZPTBLXKRQACLCR-XVFCMESISA-N,O=C1CCN([C@@H]2O[C@H](CO)[C@@H](O)[C@H]2O)C(=O)N1,0
WDEFBBTXULIOBB-WBVHZDCISA-N,CCOC(=O)[C@]1(c2ccccc2)CCC=C[C@H]1N(C)C,0
XFCLJVABOIYOMF-QPLCGJKRSA-N,CN(C)CCOc1ccc(/C(=C(/CCCl)c2ccccc2)c2ccccc2)cc1,0
BYKYTXUAKJDVPV-UHFFFAOYSA-N,CCCCCCCCCCCCCCCC(=O)CC(=O)CCCCCCCCCCCCCCC,0
LKKMLIBUAXYLOY-UHFFFAOYSA-N,Cc1nc(N)cc2[nH]c3ccccc3c12,1
IHZXTIBMKNSJCJ-UHFFFAOYSA-M,CCN(Cc1cccc(S(=O)(=O)[O-])c1)c1ccc(C(=C2C=CC(=[N+](C)C)C=C2)c2ccc(N(CC)Cc3cccc(S(=O)(=O)[O-])c3)cc2)cc1,1
JFMYRCRXYIIGBB-UHFFFAOYSA-N,CC(=O)C(N=Nc1ccc(Cl)cc1Cl)C(=O)Nc1ccc(-c2ccc(NC(=O)C(N=Nc3ccc(Cl)cc3Cl)C(C)=O)c(C)c2)cc1C,0
NKXPXRNUMARIMZ-UHFFFAOYSA-N,COc1cc(NC(=O)C(N=Nc2ccc(-c3ccc(N=NC(C(C)=O)C(=O)Nc4cc(OC)c(Cl)cc4OC)c(Cl)c3)cc2Cl)C(C)=O)c(OC)cc1Cl,0
SPKBYQZELVEOLL-SHARSMKWSA-N,CN1C2CC[C@@H]1CC(NC(=O)c1cc(Cl)cc3c1OC(C)(C)C3)C2,0
DQQCTVLDAIELJH-UDEUAJILSA-J,Nc1cc(S(=O)(=O)[O-])cc2c1C(=O)/C(=N\Nc1ccc(-c3ccc(N/N=C4\C(=O)c5c(N)cc(S(=O)(=O)[O-])cc5C=C4S(=O)(=O)[O-])c(O)c3)cc1O)C(S(=O)(=O)[O-])=C2,1
QQONPFPTGQHPMA-UHFFFAOYSA-N,C=CC,0
JXLYSJRDGCGARV-XQKSVPLYSA-N,CC[C@]1(O)C[C@H]2CN(CCc3c([nH]c4ccccc34)[C@@](C(=O)OC)(c3cc4c(cc3OC)N(C)[C@H]3[C@@](O)(C(=O)OC)[C@H](OC(C)=O)[C@]5(CC)C=CCN6CC[C@]43[C@@H]65)C2)C1,0
LYAHJFZLDZDIOH-VURMDHGXSA-N,NC(=O)/C(=C\c1ccc([N+](=O)[O-])o1)c1ccco1,1
CBPKIOGAUWKEFT-UHFFFAOYSA-M,O=P([O-])(OCC(Br)CBr)OCC(Br)CBr,1
ZIJZEJQXPLFJIC-UHFFFAOYSA-N,OCCN(CCO)c1nc(-c2cccs2)nc2ccccc12,0
VRFLRRFFEHLDIV-UHFFFAOYSA-N,CC(O)CNC(=O)N(N=O)C(C)Cl,1
SUDMLGKFWIJSEI-UHFFFAOYSA-N,Nc1nc(N)nc(-c2ccc([N+](=O)[O-])o2)n1,1
VFKZTMPDYBFSTM-GUCUJZIJSA-N,O[C@H](CBr)[C@H](O)[C@H](O)[C@@H](O)CBr,1
GOOMUPCAOADBSA-UHFFFAOYSA-N,CN(N=O)C(=O)c1ccccc1C(=O)N(C)N=O,0
XKKQXGQLSJXQOS-UHFFFAOYSA-N,CC(C)(C)c1cc([N+](=O)[O-])cc([N+](=O)[O-])c1OS(C)(=O)=O,0
FUCMFBXWLUGVIZ-UHFFFAOYSA-N,O=NN1CCCN(N=O)CC1,1
HDEPBBATNLJTLO-UHFFFAOYSA-N,NC(=O)N(CCCO)N=O,1
CLJAWWBXVXWHFD-UHFFFAOYSA-N,COC(=O)C(C)(C)Oc1ccc(-c2ccc(Cl)cc2)cc1,1
IJOCQJGYYDLLAT-RMKNXTFCSA-N,CN(N=O)c1ccc(/C=C/c2ccnc3ccccc23)cc1,1
YVJMGYAIELXOQU-UHFFFAOYSA-N,CNC(=O)c1c(N(C)N=O)ncn1C,1
MGFYIUFZLHCRTH-UHFFFAOYSA-K,O=C([O-])CN(CC(=O)[O-])CC(=O)[O-],1
ZDFULRQJRIJLRF-UHFFFAOYSA-N,O=[N+]([O-])c1ccc(-c2cnc3ccccn23)o1,1
KOURBVJNDMXAMA-UHFFFAOYSA-N,CC(=O)NCc1nc(-c2ccc([N+](=O)[O-])o2)no1,1
LYVDQJOFFUOJJT-UHFFFAOYSA-N,CC(C)Oc1ccccc1OC(=O)N(C)N=O,1
ZRVIKNOBHVPYAM-UHFFFAOYSA-N,O=NN(CCO)CC(O)CO,1
ZUXJWNFAYDAZJB-UHFFFAOYSA-N,O=NN(CCO)C(=O)NCCCl,1
CCTMZRHJDTTZRF-UHFFFAOYSA-N,CCCCCCCCCCCCCCN(C)N=O,1
PTFPKIPNOCKCFE-UHFFFAOYSA-N,CC(=O)CN(CCO)N=O,1
MOGASTIXMIUDMK-UHFFFAOYSA-N,CC1=CC(C)(C)N(N=O)c2ccccc21,1
BXYPVKMROLGXJI-UHFFFAOYSA-N,O=NN1CCCCC1c1cccnc1,1
NXEUEKXJAAVKCT-UHFFFAOYSA-N,COC(=O)C1=CCCN(N=O)C1,0
XLYVHYXTFHZCNY-UHFFFAOYSA-N,O=NN(CC(=O)O)CC(=O)O,0
YHOZMWRNWDWYKJ-UHFFFAOYSA-N,CN(CC(O)CO)N=O,1
UQVKZNNCIHJZLS-UHFFFAOYSA-N,Cn1c(N)nc2ncc(-c3ccccc3)cc21,1
PVVCHFOAZOVDRK-UHFFFAOYSA-N,CCCN(N=O)/C(N)=N/[N+](=O)[O-],1
CPTIBDHUFVHUJK-NZYDNVMFSA-N,CCNNC(=O)[C@@H]1[C@H](c2cc(OC)c(OC)c(OC)c2)c2cc3c(cc2[C@H](O)[C@H]1CO)OCO3,0
SVCNNZDUGWLODJ-RAYFHMIRSA-N,C=C1C/C(=C/C)C(=O)O[C@@H]2CCN3CC=C(COC(=O)[C@@]1(O)CO)[C@H]23,1
JQXXHWHPUNPDRT-ZNQWNCHJSA-N,CO[C@H]1/C=C/O[C@@]2(C)Oc3c(C)c(O)c4c(c3C2=O)C(=O)/C(=C\NN2CCN(C)CC2)C(=C4O)NC(=O)/C(C)=C\C=C\[C@H](C)[C@H](O)[C@@H](C)[C@@H](O)[C@@H](C)[C@H](OC(C)=O)[C@@H]1C,0
HPDHKHMHQGCNPE-QESVCWQLSA-N,C/C=C1/C[C@@H](C)[C@@](C)(O)C(=O)OCC2=CCN(C)CC[C@@H](OC1=O)C2=O,1
GMHPROGCQPQRLG-UHFFFAOYSA-N,O=C(Nc1nc(-c2ccc([N+](=O)[O-])o2)cs1)C(F)(F)F,1
unknown,C#C[C@@]1(O)CCC2C3CCC4=C(CCC(=O)C4)C3CC[C@@]21C,1
unknown,C#C[C@@]1(O)CC[C@]2(C)[C@]1(C)CC[C@]1(C)c3ccc(OC)cc3CC[C@]12C,1
unknown,C=CC1=C(C)C2=CC3=NC(=C(CC(=O)[O-])C4=NC(=C(C)C4=C([O-])[O-])C=c4[n-]c(c(C)c4CC)=CC1=N2)[C@@H](CCC(=O)[O-])[C@@H]3C,0
unknown,CC[NH2+]C(=O)N(CCN(C)C)N=O,1
unknown,Cc1ccc(N/N=C2\C(=O)C(S(=O)(=O)[O-])=Cc3ccc(S(=O)(=O)[O-])cc32)c(C)c1,1
unknown,Nc1ccc(N=Nc2ccc(-c3ccc(N=Nc4c(S(=O)(=O)[O-])cc5c(c4N)C(=O)/C(=N/Nc4ccccc4)C(S(=O)(=O)[O-])=C5)cc3)cc2)c(N)c1,1
unknown,O=C([O-])c1cc(N=Nc2ccc(-c3ccc(N/N=c4\c(=O)cc/c(=N\Nc5cc(S(=O)(=O)[O-])ccc5[O-])c4=O)cc3)cc2)ccc1[O-],1
