InChIKey,SMILES,Respiratory_target
JCQLYHFGKNRPGE-FCVZTGTOSA-N,OC[C@H]1O[C@](O)(CO)[C@@H](O)[C@@H]1O[C@@H]1O[C@H](CO)[C@H](O)[C@H](O)[C@H]1O,0
SNIOPGDIGTZGOP-UHFFFAOYSA-N,O=[N+]([O-])OCC(CO[N+](=O)[O-])O[N+](=O)[O-],1
PIWKPBJCKXDKJR-UHFFFAOYSA-N,FC(F)OC(Cl)C(F)(F)F,0
JPGQOUSTVILISH-UHFFFAOYSA-N,FC(F)OC(F)(F)C(F)Cl,0
IKMPWMZBZSAONZ-UHFFFAOYSA-N,Fc1ccccc1C1=NCC(=S)N(CC(F)(F)F)c2ccc(Cl)cc21,0
DBEPLOCGEIEOCV-WSBQPABSSA-N,CC(C)(C)NC(=O)[C@H]1CC[C@H]2[C@@H]3CC[C@H]4NC(=O)C=C[C@]4(C)[C@H]3CC[C@]12C,1
MUCZHBLJLSDCSD-UHFFFAOYSA-N,CC(C)OP(=O)(F)OC(C)C,1
KEJCWVGMRLCZQQ-DJMWJSSGSA-N,CO/N=C(\C(=O)N[C@@H]1C(=O)N2C(C(=O)OC(C)OC(C)=O)=C(COC(N)=O)CS[C@H]12)c1ccco1,0
FOGXJPFPZOHSQS-AYVLZSQQSA-N,CCCC(=O)O[C@]1(C(=O)COC(=O)CC)CC[C@H]2[C@@H]3CCC4=CC(=O)CC[C@]4(C)[C@H]3[C@@H](O)C[C@@]21C,0
HJLSLZFTEKNLFI-UHFFFAOYSA-N,CCS(=O)(=O)CCn1c([N+](=O)[O-])cnc1C,0
MWQCHHACWWAQLJ-UHFFFAOYSA-N,O=C1CN=C(c2ccccc2)c2cc(Cl)ccc2N1CC1CC1,0
MBRLOUHOWLUMFF-UHFFFAOYSA-N,COc1ccc2ccc(=O)oc2c1CC=C(C)C,1
ZNQVEEAIQZEUHB-UHFFFAOYSA-N,CCOCCO,0
SGRYPYWGNKJSDL-UHFFFAOYSA-N,CC(C)c1ccc2oc3nc(N)c(C(=O)O)cc3c(=O)c2c1,1
NLZUEZXRPGMBCV-UHFFFAOYSA-N,Cc1cc(C(C)(C)C)c(O)c(C(C)(C)C)c1,1
TWFZGCMQGLPBSX-UHFFFAOYSA-N,COC(=O)Nc1nc2ccccc2[nH]1,0
VMIYHDSEFNYJSL-UHFFFAOYSA-N,O=C1CN=C(c2ccccn2)c2cc(Br)ccc2N1,1
RYHBNJHYFVUHQT-UHFFFAOYSA-N,C1COCCO1,0
RMEDXOLNCUSCGS-UHFFFAOYSA-N,O=C(CCCN1CC=C(n2c(=O)[nH]c3ccccc32)CC1)c1ccc(F)cc1,1
BTCSSZJGUNDROE-UHFFFAOYSA-N,NCCCC(=O)O,0
VVDGWALACJEJKG-UHFFFAOYSA-N,CC(=O)NCc1c(I)c(NC(C)=O)c(I)c(C(=O)O)c1I,0
PVHUJELLJLJGLN-UHFFFAOYSA-N,CCOC(=O)C1=C(C)NC(C)=C(C(=O)OC)C1c1cccc([N+](=O)[O-])c1,1
BAINIUMDFURPJM-UHFFFAOYSA-N,O=c1[nH]c2ccccc2n1CCCN1CCN(C(c2ccccc2)c2ccccc2)CC1,0
CEMAWMOMDPGJMB-UHFFFAOYSA-N,C=CCOc1ccccc1OCC(O)CNC(C)C,1
UJEWTUDSLQGTOA-UHFFFAOYSA-N,NS(=O)(=O)c1cc(C(=O)O)cc(N2CCCC2)c1Oc1ccccc1,0
JLKIGFTWXXRPMT-UHFFFAOYSA-N,Cc1cc(NS(=O)(=O)c2ccc(N)cc2)no1,0
GECHUMIMRBOMGK-UHFFFAOYSA-N,Nc1ccc(S(=O)(=O)Nc2ccccn2)cc1,0
ZVNYJIZDIRKMBF-UHFFFAOYSA-N,COc1ccc(C(=O)N2CCN(c3ccc4c(c3)CCC(=O)N4)CC2)cc1OC,0
VYFYYTLLBUKUHU-UHFFFAOYSA-N,NCCc1ccc(O)c(O)c1,0
RWCCWEUUXYIKHB-UHFFFAOYSA-N,O=C(c1ccccc1)c1ccccc1,0
QZUDBNBUXVUHMW-UHFFFAOYSA-N,CN1CCN(C2=Nc3cc(Cl)ccc3Nc3ccccc32)CC1,1
CXSJGNHRBWJXEA-UHFFFAOYSA-N,O=C1c2ccccc2CN2C(=O)c3ccccc3CN12,0
QRZAKQDHEVVFRX-UHFFFAOYSA-N,O=C(O)Cc1ccc(-c2ccccc2)cc1,0
RBBWCVQDXDFISW-UHFFFAOYSA-N,CC(C)=CCC1C(=O)N(c2ccccc2)N(c2ccccc2)C1=O,1
DMDGGSIALPNSEE-UHFFFAOYSA-N,NS(=O)(=O)c1cc2c(cc1C(F)(F)F)NCNS2(=O)=O,0
ZJVFLBOZORBYFE-UHFFFAOYSA-N,CC(C)C(=O)c1c(C(C)C)nn2ccccc12,1
ANUCDXCTICZJRH-UHFFFAOYSA-N,CC1COC2(c3ccccc3Cl)c3cc(Cl)ccc3NC(=O)CN12,0
REOJLIXKJWXUGB-UHFFFAOYSA-N,CCCCC1C(=O)NN(c2ccccc2)C1=O,0
KBAFPSLPKGSANY-UHFFFAOYSA-N,CCN(CC)CCOC(=O)C(Cc1cccc2ccccc12)CC1CCCO1,1
CWRVKFFCRWGWCS-UHFFFAOYSA-N,C1CCc2nnnn2CC1,1
CRPGRUONUFDYBG-UHFFFAOYSA-N,CCCCCOc1ccc(C2SC(=O)NC2=O)cc1OCC,1
ASWVTGNCAZCNNR-UHFFFAOYSA-N,Cc1cc(C)nc(NS(=O)(=O)c2ccc(N)cc2)n1,0
CYFLXLSBHQBMFT-UHFFFAOYSA-N,Cc1nc(NS(=O)(=O)c2ccc(N)cc2)oc1C,0
MDKGKXOCJGEUJW-UHFFFAOYSA-N,CC(C(=O)O)c1ccc(C(=O)c2cccs2)cc1,1
GFBKORZTTCHDGY-UHFFFAOYSA-N,CN1CCN(CCC=C2c3ccccc3Sc3ccc(S(=O)(=O)N(C)C)cc32)CC1,1
AGOYDEPGAOXOCK-KCBOHYOISA-N,CC[C@H]1OC(=O)[C@H](C)[C@@H](O[C@H]2C[C@@](C)(OC)[C@@H](O)[C@H](C)O2)[C@H](C)[C@@H](O[C@@H]2O[C@H](C)C[C@H](N(C)C)[C@H]2O)[C@](C)(OC)C[C@@H](C)C(=O)[C@H](C)[C@@H](O)[C@]1(C)O,0
GGLZPLKKBSSKCX-YFKPBYRVSA-N,CCSCC[C@H](N)C(=O)O,0
PHWBOXQYWZNQIN-UHFFFAOYSA-N,Clc1ccccc1CN1CCc2sccc2C1,0
WTDRDQBEARUVNC-LURJTMIESA-N,N[C@@H](Cc1ccc(O)c(O)c1)C(=O)O,0
OFPXSFXSNFPTHF-UHFFFAOYSA-N,O=C(O)CCc1nc(-c2ccccc2)c(-c2ccccc2)o1,1
PHLBKPHSAVXXEF-UHFFFAOYSA-N,O=c1n(CCCN2CCN(c3cccc(Cl)c3)CC2)nc2ccccn12,1
IBGBGRVKPALMCQ-UHFFFAOYSA-N,O=Cc1ccc(O)c(O)c1,1
OBBCRPUNCUPUOS-UHFFFAOYSA-N,COc1c(O)cc2occ(-c3ccc(O)cc3)c(=O)c2c1O,0
REFJWTPEDVJJIY-UHFFFAOYSA-N,O=c1c(O)c(-c2ccc(O)c(O)c2)oc2cc(O)cc(O)c12,0
YXOLAZRVSSWPPT-UHFFFAOYSA-N,O=c1c(O)c(-c2ccc(O)cc2O)oc2cc(O)cc(O)c12,0
OGHNVEJMJSYVRP-UHFFFAOYSA-N,COc1ccccc1OCCNCC(O)COc1cccc2[nH]c3ccccc3c12,1
LYCAIKOWRPUZTN-UHFFFAOYSA-N,OCCO,0
JGPMMRGNQUBGND-UHFFFAOYSA-N,COC1=C(OC)C(=O)C(CCCCCCCCCCO)=C(C)C1=O,0
QSLMDECMDJKHMQ-UHFFFAOYSA-N,CNCCCC12CCC(c3ccccc31)c1ccccc12,1
ZBMZVLHSJCTVON-UHFFFAOYSA-N,CC(C)NCC(O)c1ccc(NS(C)(=O)=O)cc1,0
MTZBBNMLMNBNJL-UHFFFAOYSA-N,Cc1cccc(C)c1NC(=O)c1cc(S(N)(=O)=O)c(Cl)cc1O,0
FWKQNCXZGNBPFD-UHFFFAOYSA-N,Cc1ccc(C(C)C)cc2c(C)ccc1-2,0
XZTYGFHCIAKPGJ-UHFFFAOYSA-N,CN(C)CCOC(=O)COc1ccc(Cl)cc1,0
ZSCDBOWYZJWBIY-UHFFFAOYSA-N,CC(CN(C)C)CN1c2ccccc2CCc2ccccc21,1
LQLQRFGHAALLLE-UHFFFAOYSA-N,O=c1[nH]cc(Br)c(=O)[nH]1,0
JISACBWYRJHSMG-UHFFFAOYSA-N,COP(=S)(OC)Oc1ccc(S(=O)(=O)N(C)C)cc1,1
HWUHKUGQGSTAGB-UHFFFAOYSA-N,CC(C)NCC(O)c1ccc2ccccc2c1,1
KXDAEFPNCMNJSK-UHFFFAOYSA-N,NC(=O)c1ccccc1,0
JBMKAUGHUNFTOL-UHFFFAOYSA-N,NS(=O)(=O)c1cc2c(cc1Cl)N=CNS2(=O)=O,0
MCWXGJITAZMZEV-UHFFFAOYSA-N,CNC(=O)CSP(=S)(OC)OC,1
BRABPYPSZVCCLR-UHFFFAOYSA-N,COc1ccc2c(c1)N(CCCN(C)C)c1ccccc1S2,1
WEVYAHXRMPXWCK-UHFFFAOYSA-N,CC#N,1
NJQADTYRAYFBJN-UHFFFAOYSA-N,CC12CCC(C(Br)C1=O)C2(C)C,1
YTRNSQPXEDGWMR-UHFFFAOYSA-N,O=C(O)C(O)(c1ccccc1)C1CCCCC1,0
LRDFRRGEGBBSRN-UHFFFAOYSA-N,CC(C)C#N,1
KDPAWGWELVVRCH-UHFFFAOYSA-N,O=C(O)CBr,1
SDQFDHOLCGWZPU-UHFFFAOYSA-N,CC(C=O)Cc1ccc(C(C)(C)C)cc1,0
CYSGHNMQYZDMIA-UHFFFAOYSA-N,CN1CCN(C)C1=O,0
FLKPEMZONWLCSK-UHFFFAOYSA-N,CCOC(=O)c1ccccc1C(=O)OCC,0
NAYYNDKKHOIIOD-UHFFFAOYSA-N,NC(=O)c1ccccc1C(N)=O,0
XJGFWWJLMVZSIG-UHFFFAOYSA-N,Nc1c2ccccc2nc2ccccc12,1
SDYWXFYBZPNOFX-UHFFFAOYSA-N,Nc1ccc(Cl)c(Cl)c1,1
YEJRWHAVMIAJKC-UHFFFAOYSA-N,O=C1CCCO1,0
GOIQOQCNFWYSTQ-UHFFFAOYSA-N,CCC(Cc1c(I)cc(I)c(O)c1I)C(=O)O,1
NTBYINQTYWZXLH-UHFFFAOYSA-N,O=[N+]([O-])c1ccc(Cl)c(Cl)c1,1
SPPWGCYEYAMHDT-UHFFFAOYSA-N,CC(C)c1ccc(C(C)C)cc1,0
HUMNYLRZRPPJDN-UHFFFAOYSA-N,O=Cc1ccccc1,1
MWRWFPQBGSZWNV-UHFFFAOYSA-N,O=NN1CN2CN(C1)CN(N=O)C2,1
HLBLWEWZXPIGSM-UHFFFAOYSA-N,Nc1ccc(Oc2ccc(N)cc2)cc1,1
VPYJNCGUESNPMV-UHFFFAOYSA-N,C=CCN(CC=C)CC=C,1
NEHNMFOYXAPHSD-UHFFFAOYSA-N,CC(C)=CCCC(C)CC=O,1
AZQWKYJCGOJGHM-UHFFFAOYSA-N,O=C1C=CC(=O)C=C1,1
VVJKKWFAADXIJK-UHFFFAOYSA-N,C=CCN,1
FVSKHRXBFJPNKK-UHFFFAOYSA-N,CCC#N,1
NLHHRLWOUZZQLW-UHFFFAOYSA-N,C=CC#N,1
DILRJUIACXKSQE-UHFFFAOYSA-N,CN(C)CCN,0
KVNRLNFWIYMESJ-UHFFFAOYSA-N,CCCC#N,1
CUONGYYJJVDODC-UHFFFAOYSA-N,N#CCC#N,1
FFWSICBKRCICMR-UHFFFAOYSA-N,CC(=O)CCC(C)C,0
AGCQZYRSTIRJFM-UHFFFAOYSA-N,O=[N+]([O-])OCCOCCOCCO[N+](=O)[O-],0
MTHSVFCYNBDYFN-UHFFFAOYSA-N,OCCOCCO,0
SBASXUCJHJRPEV-UHFFFAOYSA-N,COCCOCCO,0
XXJWXESWEXIICW-UHFFFAOYSA-N,CCOCCOCCO,0
ZIBGPFATKBEMQZ-UHFFFAOYSA-N,OCCOCCOCCO,0
OAYXUHPQHDHDDZ-UHFFFAOYSA-N,CCCCOCCOCCO,0
RDYMFSUJUZBWLH-UHFFFAOYSA-N,O=S1OCC2C(CO1)C1(Cl)C(Cl)=C(Cl)C2(Cl)C1(Cl)Cl,1
HZTMGWSBSDLALI-UHFFFAOYSA-N,CCCCN(CCN(CCCC)C(=O)N1CCOCC1)C(=O)N1CCOCC1,1
SATCULPHIDQDRE-UHFFFAOYSA-N,O=Cc1ccc2c(c1)OCO2,1
JTTMYKSFKOOQLP-UHFFFAOYSA-N,Oc1ccc(Nc2ccccc2)cc1,1
NBBJYMSMWIIQGU-UHFFFAOYSA-N,CCC=O,1
DYUWTXWIYMHBQS-UHFFFAOYSA-N,C=CCNCC=C,1
ICGJBKGPBKOURO-UHFFFAOYSA-N,O=C1O[IH2](O)c2ccccc21,1
CQEYYJKEWSMYFG-UHFFFAOYSA-N,C=CC(=O)OCCCC,0
JHQVCQDWGSXTFE-UHFFFAOYSA-N,C=CCOC(=O)OCCOCCOC(=O)OCC=C,1
JJVNINGBHGBWJH-UHFFFAOYSA-N,COc1cccc(C=O)c1O,1
RGUQWGXAYZNLMI-UHFFFAOYSA-N,NS(=O)(=O)c1cc2c(cc1C(F)(F)F)NC=NS2(=O)=O,0
XCWPUUGSGHNIDZ-UHFFFAOYSA-N,COc1cc2[nH]c(C)c(CCN3CCN(c4ccccc4)CC3)c2cc1OC,1
UVGTXNPVQOQFQW-UHFFFAOYSA-N,O=[N+]([O-])c1cc(I)c(O)c(I)c1,1
ZFPNOTAGQWNERF-UHFFFAOYSA-N,CCCCNc1c2c(nc3ccccc13)CCCC2,1
HQCRDFMPWUOYCI-UHFFFAOYSA-N,CCN(CCF)Cc1cccc2ccccc12,1
MXQCXRIBPVYRJN-UHFFFAOYSA-N,CN(CCF)Cc1cccc2ccccc12,1
FSDLLONBRLBIBL-UHFFFAOYSA-N,COC(F)=C(C(F)(F)F)C(F)(F)F,1
JGGBVFLRNNDHCM-UHFFFAOYSA-N,COC(=O)C(C(F)(F)F)C(F)(F)F,1
IPWSCROFORAGJW-UHFFFAOYSA-N,O=CC(=O)c1ccc(F)cc1,0
FZAGOOYMTPGPGF-UHFFFAOYSA-N,COc1ccc2c(c1OC)CN1CCc3cc4c(cc3C1=C2)OCO4,1
FEMOMIGRRWSMCU-UHFFFAOYSA-N,O=C1c2ccccc2C(=O)C1(O)O,1
VXCONGLPCAPYEU-UHFFFAOYSA-N,Cc1ncc(Cn2c(C)c(CCO)sc2=O)c(N)n1,0
OFQBYHLLIJGMNP-UHFFFAOYSA-N,CCOc1cccc(C=O)c1O,1
VUENWDJSJYJARL-UHFFFAOYSA-N,CC(=O)CCC(=O)c1ccoc1,1
NPOAOTPXWNWTSH-UHFFFAOYSA-N,CC(O)(CC(=O)O)CC(=O)O,0
WWRCMNKATXZARA-UHFFFAOYSA-N,Cc1ccccc1C(C)C,0
LWBAYRVWDMTLKC-UHFFFAOYSA-N,CC1CCCCN1CCCOC(=O)c1ccccc1,0
QAYICIQNSGETAS-UHFFFAOYSA-N,CN1CSC(=S)N(C)C1,1
OWTXHZITCDRRTI-UHFFFAOYSA-N,OCC(O)COC1CCCCC1,0
XAMBIJWZVIZZOG-UHFFFAOYSA-N,Cc1ccc(NN)cc1,1
HXDLWJWIAHWIKI-UHFFFAOYSA-N,CC(=O)OCCO,0
WFCLYEAZTHWNEH-UHFFFAOYSA-N,CCSC#N,1
ZHYQCBCBTQWPLC-UHFFFAOYSA-N,COc1ccc2cc3n(c(=O)c2c1OC)CCc1cc2c(cc1-3)OCO2,1
KQCMTOWTPBNWDB-UHFFFAOYSA-N,Nc1ccc(Cl)cc1Cl,1
VSVAVMVWTLLTCH-YHYXMXQVSA-N,O=C1NCCN1/N=C/c1ccc([N+](=O)[O-])o1,0
LPGDEHBASRKTDG-UHFFFAOYSA-N,CC(=O)N1C(=O)C(=O)c2ccccc21,0
HVDFUVLFCQSGAK-UHFFFAOYSA-N,CC(=O)C(O)(O)C(=O)O,0
JJMOMMLADQPZNY-UHFFFAOYSA-N,CC(C)(C=O)CO,0
WMJBVALTYVXGHW-UHFFFAOYSA-N,O=C(O)C=C(c1ccccc1)c1ccccc1,0
HOYRZHJJAHRMLL-UHFFFAOYSA-N,Cc1cc([N+](=O)[O-])c(O)c([N+](=O)[O-])c1,1
HNJBEVLQSNELDL-UHFFFAOYSA-N,O=C1CCCN1,0
JLBJTVDPSNHSKJ-UHFFFAOYSA-N,C=Cc1ccc(C)cc1,0
MFFXVVHUKRKXCI-UHFFFAOYSA-N,CCOC(=O)CI,1
JCYHHICXJAGYEL-UHFFFAOYSA-N,CCCCOCC(O)CO,0
FTKASJMIPSSXBP-UHFFFAOYSA-N,CCOC(=O)C[N+](=O)[O-],0
FOHHWGVAOVDVLP-UHFFFAOYSA-N,Nc1ccc(Cl)c([N+](=O)[O-])c1,1
XWVOEFLBOSSYGM-UHFFFAOYSA-N,COc1cc(C(=O)N2CCOCC2)cc(OC)c1OC,0
ITUYMTWJWYTELW-UHFFFAOYSA-N,O=C1C=CC(=NCl)C=C1,1
OHLRLMWUFVDREV-UHFFFAOYSA-N,CCOC(=O)CC(=O)CCl,1
NKKBXWZXFGXITE-UHFFFAOYSA-N,CC(C)(C)CCOP(C)(=O)F,1
GQSZUSQTGLEZCG-UHFFFAOYSA-N,COCCOc1ccc(NC(C)=O)cc1C(C)=O,0
FZHSPPYCNDYIKD-UHFFFAOYSA-N,COc1ccc(O)c(C=O)c1,1
MRJFAPJDIVTPJG-UHFFFAOYSA-N,COC(=O)C(=C(F)F)C(F)(F)F,1
JKYMBLYJMSXPCM-UHFFFAOYSA-N,Nc1cccc(=O)c(O)c1,1
AUFZRCJENRSRLY-UHFFFAOYSA-N,Cc1cc(O)c(C)c(C)c1O,1
NTCCNERMXRIPTR-UHFFFAOYSA-N,O=Cc1c(O)ccc2ccccc12,0
UWCPWBIMRYXUOU-UHFFFAOYSA-N,O=C1C(=O)N(c2ccccc2)c2ccccc21,1
NOXLGCOSAFGMDV-UHFFFAOYSA-N,Nc1c(F)c(F)c(F)c(F)c1F,1
IGARGHRYKHJQSM-UHFFFAOYSA-N,c1ccc(C2CCCCC2)cc1,1
XNGIFLGASWRNHJ-UHFFFAOYSA-N,O=C(O)c1ccccc1C(=O)O,0
GKIRPKYJQBWNGO-UHFFFAOYSA-N,CCN(CC)CCOc1ccc(C(=C(Cl)c2ccccc2)c2ccccc2)cc1,1
PXDBZSCGSQSKST-UHFFFAOYSA-N,CCOc1ccc(Cc2nc3cc([N+](=O)[O-])ccc3n2CCN(CC)CC)cc1,1
QIXDHVDGPXBRRD-UHFFFAOYSA-N,CC1=CC(=O)C(C)=C(C)C1=O,1
SGSHKKZZKAZVCW-UHFFFAOYSA-N,COP(=O)(OC)Oc1ccc(S(=O)(=O)N(C)C)cc1,1
YCWSUKQGVSGXJO-QPEQYQDCSA-N,O=C(N/N=C/c1ccc([N+](=O)[O-])o1)c1ccc(O)cc1,0
AMIUKHHHHJYBCP-UHFFFAOYSA-N,c1ccc(CCN2CCN(c3ccccc3)CC2)cc1,1
SGEXRLPAQIRHGQ-UHFFFAOYSA-N,COc1cccc(CCN2CCN(c3ccccc3)CC2)c1,1
AKADUWVZYNJHFA-UHFFFAOYSA-N,COc1ccc(CCN2CCN(c3ccccn3)CC2)cc1,1
PMKSGALOAFBOTA-UHFFFAOYSA-N,COc1ccc(CCN2CCN(c3ccccc3)CC2)cc1OC,1
AMRDFXICIGZUMO-UHFFFAOYSA-N,COc1ccc(CCN2CCN(c3ccccn3)CC2)cc1OC,1
VACAWRIWNVXISJ-UHFFFAOYSA-N,COc1ccc(CCN2CCN(c3ccccc3Br)CC2)cc1OC,1
CIBCPRNJNGKEMY-UHFFFAOYSA-N,COc1ccc(CCN2CCN(c3ccccc3C)CC2)cc1OC,1
PVHHQZFDRWRYTD-UHFFFAOYSA-N,COc1ccc(CCN2CCN(c3ccccc3N)CC2)cc1OC,1
COUBFHDRVMCGBX-UHFFFAOYSA-N,COc1ccc(CCN2CCN(c3ccccc3O)CC2)cc1OC,1
RSXQCTKWWMNAOI-UHFFFAOYSA-N,COc1ccc(CCN2CCN(c3cccc(Cl)c3)CC2)cc1OC,1
JMEMXTTZXRFHNG-UHFFFAOYSA-N,COc1ccc(CCN2CCN(c3ccc(C)cc3)CC2)cc1OC,1
YKXZKEJFFPQWAS-UHFFFAOYSA-N,COc1ccc(CCN2CCN(c3ccc(Cl)cc3)CC2)cc1OC,1
VCUGEIWFIODVQY-UHFFFAOYSA-N,COc1ccc(CCN2CCN(c3c(C)cccc3C)CC2)cc1OC,1
ZAYFNMYDNWEICN-UHFFFAOYSA-N,COc1ccc(CCN2CCN(c3ccccc3SC)CC2)cc1OC,1
DKUABKXQTAYDHX-UHFFFAOYSA-N,COc1ccc(CCN2CCN(c3cccc(C)c3C)CC2)cc1OC,1
HNEDGZHGNZNFQC-UHFFFAOYSA-N,COc1ccc(CCN2CCN(c3ccc(C)c(C)c3)CC2)cc1OC,1
LMIPOYBWKDJJPG-UHFFFAOYSA-N,COc1cccc(N2CCN(CCc3ccc(OC)c(OC)c3)CC2)c1,1
XILTUGULAKXPOZ-UHFFFAOYSA-N,COc1ccc(N2CCN(CCc3ccc(OC)c(OC)c3)CC2)cc1,1
XDDAORKBJWWYJS-UHFFFAOYSA-N,O=C(O)CNCP(=O)(O)O,1
VHRUBWHAOUIMDW-UHFFFAOYSA-N,CCCCCCCC(=O)N(C)C,0
NUOUMXJKIOPNQM-UHFFFAOYSA-N,CCCC1(CCC)CC(=O)NC(=O)C1,0
NPFYZDNDJHZQKY-UHFFFAOYSA-N,O=C(c1ccccc1)c1ccc(O)cc1,0
VFEUKRULGBAHHV-UHFFFAOYSA-N,CN(C)CCNC(=O)COc1ccc(Cl)cc1,0
ODLJOXGVKAAUFP-UHFFFAOYSA-N,CC(=O)c1ccc(Oc2c(I)cc(C(=O)O)cc2I)cc1I,0
LKZWCRGTHNZTQN-UHFFFAOYSA-N,c1ccc(-c2nnc(-c3ccccc3)s2)cc1,1
GEVBBQNWDQJVTA-UHFFFAOYSA-N,Cc1nnc(-c2ccccc2)s1,1
YSRVJVDFHZYRPA-UHFFFAOYSA-N,NC1=NC2=NC(N)=NC3=NC(N)=NC(=N1)N23,0
NXFQWRWXEYTOTK-UHFFFAOYSA-N,COc1nc(C)nc(N)n1,0
QZUPTXGVPYNUIT-UHFFFAOYSA-N,NC(=O)c1cccc(C(N)=O)c1,0
RRIGVQQUVAETIG-UHFFFAOYSA-N,C1NNCN2CNNCN12,1
VOTDRCFZXCKSFW-UHFFFAOYSA-N,CN(C)Cc1oc(C(=O)O)cc(=O)c1O,0
XXYDEJAJDOABCE-UHFFFAOYSA-N,CN(C)CCNN,1
SSLKKMZJCJBOML-UHFFFAOYSA-N,CCN(CC)C(=O)CSc1ccc(Cl)nn1,0
NQXKEZOQGPYBND-UHFFFAOYSA-N,CCN(CCBr)Cc1cccc2ccccc12,1
KTWDTPBHCWJWGJ-UHFFFAOYSA-N,Nc1nnc(-c2ccncc2)s1,1
GWUSZQUVEVMBPI-UHFFFAOYSA-N,CN1C(=O)CN=C(c2ccccc2)c2cc([N+](=O)[O-])ccc21,0
KPKQWXGFEKRQQA-UHFFFAOYSA-N,c1ccc(-c2nnc(-c3ccccc3)[nH]2)cc1,1
NVHNGVXBCWYLFA-UHFFFAOYSA-N,S=C1NCCCN1,0
GEEDYJPPYNIZLX-UHFFFAOYSA-N,CN1C(=O)C(=O)c2cc(Br)ccc21,0
VCYBVWFTGAZHGH-UHFFFAOYSA-N,CN1C(=O)C(=O)c2ccccc21,0
HICFFJZGXWEIHN-UHFFFAOYSA-N,CN(C)CCCN1c2ccc(O)cc2Sc2ccc(Cl)cc21,1
NYQDCVLCJXRDSK-UHFFFAOYSA-N,COP(=S)(OC)Oc1cc(Cl)c(Br)cc1Cl,0
VPMWFZKOWULPGT-UHFFFAOYSA-N,NS(=O)(=O)c1cc2c(cc1Cl)CN(C1CCCCC1)C2=O,0
BRZANEXCSZCZCI-UHFFFAOYSA-N,Cc1c(NC(=O)c2cccnc2)c(=O)n(-c2ccccc2)n1C,0
ABSDZQDZDHJMPX-UHFFFAOYSA-N,CCCCOCC(O)COCCCC,0
CYBHZZZXLCUSQA-UHFFFAOYSA-N,CC(C)C(C)(COC(N)=O)COC(N)=O,0
ALBSWLMUHHZLLR-UHFFFAOYSA-N,COC(=O)C[N+](=O)[O-],0
OTIZTAXUFMCICV-UHFFFAOYSA-N,CC(C)(C)C(=O)OCC(=O)c1ccccc1,0
PUSJAEJRDNPYKM-UHFFFAOYSA-N,CC(=O)c1cc(C)sc1C,1
RUANENNXSBNRIP-UHFFFAOYSA-N,CCOC(=O)CN(CC(C)C)CC(C)C,1
JFBWZQGMDBYSIH-UHFFFAOYSA-N,CCCCCN(CCCCC)CC(=O)OCC,1
CWZCDPXXTWLHPO-UHFFFAOYSA-N,CCCCCCN(CCCCCC)CC(=O)OCC,1
YFNGCKXAIRGJTA-UHFFFAOYSA-N,CCOC(=O)CN(C1CCCCC1)C1CCCCC1,1
BHJCQZBVCMLMKV-UHFFFAOYSA-N,C=CCN(CC=C)CC(=O)OCC,0
MOXTXJCVFAWXTI-UHFFFAOYSA-N,CCCN(CCC)CC(=O)NN,1
LQIQAZOPAXDSOP-UHFFFAOYSA-N,CC(C)N(CC(=O)NN)C(C)C,1
WJDAMHVSNVGDPK-UHFFFAOYSA-N,CCCCN(CCCC)CC(=O)NN,1
OFJSNTDWKDOLCT-UHFFFAOYSA-N,CC(C)CN(CC(=O)NN)CC(C)C,1
CPKORLMZNZXAIL-UHFFFAOYSA-N,CCCCCN(CCCCC)CC(=O)NN,1
DZXVCUMOIWJBLL-UHFFFAOYSA-N,CC(C)CCN(CCC(C)C)CC(=O)NN,1
YOQPCWIXYUNEET-UHFFFAOYSA-N,O=[N+]([O-])c1ccc(NN=C(c2ccc(O)cc2)c2ccc(O)cc2)c([N+](=O)[O-])c1,1
RZPLODMPJDDPCO-UHFFFAOYSA-N,CN(C)CCNc1cccccc1=O,1
TXUMSGFXVUDLSH-UHFFFAOYSA-N,CCOC(=O)CN(CCC(C)C)CCC(C)C,1
WQWNVPGJVKVZDH-UHFFFAOYSA-N,CCOc1cc(C=O)cc(C=O)c1O,1
YVNRFQCFZVYDRO-UHFFFAOYSA-N,COc1cc(C=O)cc(C=O)c1O,1
MXTPRJXPLFGHEE-UHFFFAOYSA-N,NCCSS(=O)(=O)O,1
MHSKRLJMQQNJNC-UHFFFAOYSA-N,NC(=O)c1ccc(C(N)=O)cc1,1
FQXSTGKJHBFSIQ-UHFFFAOYSA-N,CCCCCCCCCCCCCC(=O)N(C)C,0
FUKWTMJZHKZKFA-UHFFFAOYSA-N,N#Cc1ccc(C(N)=O)cc1,0
BNQSTAOJRULKNX-UHFFFAOYSA-N,CC(=O)NCCCCCCNC(C)=O,0
WQDDXVGJRSTLED-UHFFFAOYSA-N,CN1CCN(c2ccccc2)CC1,1
GEMKGDSDLYAIRK-UHFFFAOYSA-N,CCOC(=O)c1cc(C)c(N)c(C)c1,0
DOBPAXBDQAYQMF-UHFFFAOYSA-N,CC(C)(C)CCOC(N)=O,1
VVDOBSIULNBZRI-UHFFFAOYSA-N,CS(=O)(=O)c1ccc(-c2cn3[nH]cnc3n2)cc1,0
PAQVSWFCADWSLB-UHFFFAOYSA-N,N#Cc1cccc(C(N)=O)c1,0
SQSNGPIVSCOKRR-UHFFFAOYSA-N,CNCCCN1c2ccc(O)cc2Sc2ccc(Cl)cc21,1
HNYORSFHUYNBPJ-UHFFFAOYSA-N,Cn1c(=O)c2c(ncn2CCS(C)=O)n(C)c1=O,0
UMTCUOGPPFMKEN-UHFFFAOYSA-N,Cn1c(=O)c2c(ncn2CCSC#N)n(C)c1=O,1
BTSRIWFABHLYDQ-UHFFFAOYSA-N,CCCCCCCCCCCCCCCCCC(=O)N(C)C,0
FFJVYLVTPMHYQP-UHFFFAOYSA-N,O=C1C=CC(=O)C(I)=C1,1
TUIDRUSFPFFFRQ-UHFFFAOYSA-N,c1ccc(N2CCN(CCc3ccccn3)CC2)cc1,1
MDBYNIYDVXWNMS-UHFFFAOYSA-N,Clc1ccccc1N1CCN(CCc2ccccn2)CC1,1
KDDKHXPGBGVQMO-UHFFFAOYSA-N,COc1ccccc1N1CCN(CCc2ccccn2)CC1,1
FSQOGGFEFMYPPR-UHFFFAOYSA-N,c1ccc(N2CCN(CCc3ccncc3)CC2)cc1,1
LGUUJUGLCIVNHZ-UHFFFAOYSA-N,COc1ccccc1N1CCN(CCc2ccncc2)CC1,1
FHQNBFZVFNNEOO-UHFFFAOYSA-N,Brc1ccccc1N1CCN(CCc2ccncc2)CC1,1
RJGJCHYNEWULMZ-UHFFFAOYSA-N,Nc1c(-c2ccccc2)nc2ccccn12,0
GCAHLXLJRNJZCA-UHFFFAOYSA-N,Clc1ccccc1N1CCN(CCc2ccncc2)CC1,1
RUAFWBHQDYPINX-UHFFFAOYSA-N,Cc1ccccc1N1CCN(CCc2ccncc2)CC1,1
IFADHLCJXFAQQO-UHFFFAOYSA-N,CCOc1ccccc1N1CCN(CCc2ccncc2)CC1,1
FVTXUALVQNDJRJ-UHFFFAOYSA-N,Cc1[nH]c2ccccc2c1CCN1CCN(c2ccccc2)CC1,1
PUGZUYUBEFEQKB-UHFFFAOYSA-N,CCN(CC)CCOC(=O)COc1ccc(Cl)cc1,0
KPDJEIKIIJRPFO-UHFFFAOYSA-N,CN(C)S(=O)(=O)c1ccc(CNCCNCc2ccc(S(=O)(=O)N(C)C)cc2)cc1,0
GTCNCFMJBMQOJT-UHFFFAOYSA-N,O=C(Cc1ccc([N+](=O)[O-])cc1)OCCF,1
MVNYQVCSSLUAPE-UHFFFAOYSA-N,O=C(OCCF)C(c1ccccc1)c1ccccc1,1
UAAWUFLHOXJOAS-UHFFFAOYSA-N,COc1ccc(CC(=O)OCCF)cc1,1
ZMJRUUBDMPKHJS-UHFFFAOYSA-N,c1ccc(-c2nncs2)cc1,1
DMMAFNBTYZUBLN-UHFFFAOYSA-N,O=C(COc1ccc2ccccc2c1)OCCF,1
BGWWTUOBCUHYIT-UHFFFAOYSA-N,COc1ccccc1C(=O)NCC(=O)N(C)C,0
KWGUFOITWDSNQY-UHFFFAOYSA-N,CCOP(=S)(OCC)Oc1cc(Cl)c(Br)cc1Cl,1
VITQCDLNBVTCJS-UHFFFAOYSA-N,COc1cc2c(cc1O)C(=O)c1nccc3cc(OC)c(OC)c-2c13,1
KMUNXDCQPABTSC-UHFFFAOYSA-N,CCNc1nc(CC)nc(OC)n1,1
YXCDJKQYFBEAOU-UHFFFAOYSA-N,N#CSc1ccccc1,1
VXQROEXTWNTASQ-UHFFFAOYSA-N,CNC(=S)c1ccccc1,1
ZRJIGKLTDLURBD-UHFFFAOYSA-N,CCOC(=O)CSC#N,1
ZIIMZMSKBKAABD-UHFFFAOYSA-N,c1ccc2c(CN3CCCC3)c[nH]c2c1,1
KBCCFFGCRDUANG-UHFFFAOYSA-N,O=C(CI)OCCOC(=O)CI,1
ZTLMHGOWADYAHM-UHFFFAOYSA-N,S=c1[nH]nc(-c2ccccc2)s1,1
ZLJLVKBAMJHNJH-UHFFFAOYSA-N,S=C1NCCCCN1,1
GOXLVSZAUDIXPN-UHFFFAOYSA-N,Nc1c2c(nc3ccccc13)CCCCC2,1
CWOSTJOZRVRLJV-UHFFFAOYSA-N,COc1ccc(CCNc2c3c(nc4ccccc24)CCCC3)cc1OC,1
DENPQNAWGQXKCU-UHFFFAOYSA-N,NC(=O)c1cccs1,1
BYLRUJWQQHVPTM-UHFFFAOYSA-N,c1ccc2c(N3CCOCC3)c3c(nc2c1)CCCCC3,1
ADRPZEYTIFWCBC-UHFFFAOYSA-N,CN(C(=O)CF)c1cccc2ccccc12,1
VSYMNDBTCKIDLT-UHFFFAOYSA-N,CCC(CC)(COC(N)=O)COC(N)=O,0
UPOYFZYFGWBUKL-UHFFFAOYSA-N,Nc1nc(N)c(-c2ccccc2)s1,1
FFKUDWZICMJVPA-UHFFFAOYSA-N,O=C(O)c1ccccc1OP(=O)(O)O,1
JCBPZRGUDJXNCD-UHFFFAOYSA-N,Cc1cc(O)c(C(C)C)cc1SC#N,1
HLVGXGQCLASQJU-UHFFFAOYSA-N,O=C(Nc1ccccc1)c1cc(O)c(O)c(O)c1,1
PIOPKWFBKZTUMS-UHFFFAOYSA-N,Nc1cccccc1=O,1
DSMAHJDZYJDGTD-UHFFFAOYSA-N,CNC1(C#N)CCCCC1,1
KTFDYVNEGTXQCV-UHFFFAOYSA-N,NS(=O)(=O)c1cccs1,1
GUAYQYRFHZAEID-UHFFFAOYSA-N,CCN(CCCl)Cc1cccc2ccccc12,1
MDJFHRLTPRPZLY-UHFFFAOYSA-N,O=[N+]([O-])c1cncn1CCN1CCOCC1,0
MFZCIDXOLLEMOO-UHFFFAOYSA-N,O=C(OC1C(OC(=O)c2cccnc2)C(OC(=O)c2cccnc2)C(OC(=O)c2cccnc2)C(OC(=O)c2cccnc2)C1OC(=O)c1cccnc1)c1cccnc1,0
OUAURGNVVSZCEB-UHFFFAOYSA-N,N#CC1(NC2CCCCC2)CCCCC1,1
MGBDANYXBKROBW-UHFFFAOYSA-N,Cn1c(N)c(N=O)c(=O)n(C)c1=O,0
MLSOBFSTZSNKDO-UHFFFAOYSA-N,CCN(CC)C(=O)OCC1(COC(=O)N(CC)CC)COC1,1
RTNGTOYXXHBQMV-UHFFFAOYSA-N,O=C(OCC1(COC(=O)N2CCCCC2)CCO1)N1CCCCC1,0
ZRJREXHTQPGADY-UHFFFAOYSA-N,NC(=O)NC(=O)NCCc1ccccc1,0
BJMYAMSLFPKKNG-UHFFFAOYSA-N,CN(CCc1ccccc1)C(=O)NC(N)=O,0
NIMUIQUFHMZATH-UHFFFAOYSA-N,NC(=O)NC(=O)NCCCc1ccccc1,0
NGDIPOJPYNGPNB-UHFFFAOYSA-N,NC(=O)NC(=O)NCCCCc1ccccc1,0
HNTPTPGRPZBKSP-UHFFFAOYSA-N,COc1ccc(CCNC(=O)NC(N)=O)cc1,0
YOAUKNYXWBTMMF-UHFFFAOYSA-N,COc1cc2c(cc1OC)CN1CCc3cc(OC)c(OC)cc3C1C2,1
BHDKLGMXJCGESI-UHFFFAOYSA-N,CN1CCN(c2c3c(nc4ccccc24)CCCC3)CC1,1
CFWSFZFUNZRIFO-UHFFFAOYSA-N,O=C1CN(c2ncc([N+](=O)[O-])s2)C(=O)N1,1
LIKRJSWBWZSSLR-UHFFFAOYSA-N,Cc1ccc(B2OCC3(CO2)COB(c2ccc(C)cc2)OC3)cc1,0
BODGAMBTBSTNOV-UHFFFAOYSA-N,CCN(CC)C(=O)c1c2c(nc3ccccc13)CCCC2,1
QVOXSBQCBQISDL-UHFFFAOYSA-N,O=C(c1c2c(nc3ccccc13)CCCC2)N1CCCCC1,1
IGCQUFMUSOMTCG-UHFFFAOYSA-N,CCN(CC)C(=O)c1c2c(nc3ccccc13)CCCCC2,1
MVDQLOSFAHIAQA-UHFFFAOYSA-N,O=C(c1c2c(nc3ccccc13)CCCCC2)N1CCOCC1,1
WCCIEZDFRJREQJ-UHFFFAOYSA-N,CN(C)c1ccc(SC#N)cc1,1
MVDXQTJHPRBMOK-UHFFFAOYSA-N,O=C(c1c2c(nc3ccccc13)CCCC2)N1CCOCC1,1
GUVUOGQBMYCBQP-UHFFFAOYSA-N,CN1CCCN(C)C1=O,0
RLFPCLMBTQOMLI-UHFFFAOYSA-N,O=C(CI)NCCNC(=O)CI,1
AMHZCJNIRZHOAJ-UHFFFAOYSA-N,Cc1nc(N)nc(Nc2ccccc2)n1,1
CEQDOZNXFWUMTG-UHFFFAOYSA-N,CN(C)CCc1ccccc1Br,1
VWNWVCJGUMZDIU-UHFFFAOYSA-N,CC(CN1c2ccccc2Sc2ccc(S(=O)(=O)N(C)C)cc21)N(C)C,1
IDTWEVXNTRCGBP-UHFFFAOYSA-N,Cn1c(=O)c2c(ncn2CC(O)CN2CCCCC2)n(C)c1=O,0
ZRBGFWOXAQPDTH-UHFFFAOYSA-N,COc1ccc2c(c1OC)C(O)N1CCc3cc4c(cc3C1=C2)OCO4,1
ZFEBPJQSSNUJGT-UHFFFAOYSA-N,O=C(Cc1ccccc1)NC1CCCCC1,0
PDNZJLMPXLQDPL-UHFFFAOYSA-N,NC1(CO)CCCC1,1
JXMFWIFYAPYINL-UHFFFAOYSA-N,CC1=C(C(C)C)CCCC1,0
DMPYTENYPFANFS-UHFFFAOYSA-N,CN1CCC(CNC(=O)CCCCCCCCC(=O)NCC2(c3ccccc3)CCN(C)CC2)(c2ccccc2)CC1,1
HWGAVSSONJYSGW-UHFFFAOYSA-N,C=CCC(CC=C)c1ccccc1,0
NEWSKSPAXZDWQD-UHFFFAOYSA-N,C=CCC(CC=C)c1ccc(OC)cc1,0
VNXYDFNVQBICRO-UHFFFAOYSA-N,COC(C(F)(F)F)C(F)(F)F,0
FFCARBNHUSWRGK-UHFFFAOYSA-N,CCN(CC)CCOC1(c2ccc(Cl)cc2)CCCCC1,1
CFGBPNSLTKLAKK-UHFFFAOYSA-N,CCOc1ccc(Cc2nc3cc(C(C)=O)ccc3n2CCN(CC)CC)cc1,1
MBQRNNRGEFJOFN-UHFFFAOYSA-N,FC(F)(F)c1ccc2oc(=S)[nH]c2c1,1
FYHIXFCITOCVKH-UHFFFAOYSA-N,CN1CCN(C)C1=S,1
CECJCPKULNJGML-UHFFFAOYSA-N,CCN(CC)CCOCc1cc(OC)c(OC)c(OC)c1,1
ASYLAICRHLUBPC-UHFFFAOYSA-N,COc1cc(COCCN2CCOCC2)cc(OC)c1OC,1
PXHSFECRQXMATJ-UHFFFAOYSA-N,COc1cc(COCCN2CCCCC2)cc(OC)c1OC,1
CAITWASTFPOMSU-UHFFFAOYSA-N,COc1cc(COCCN2CCCC2)cc(OC)c1OC,1
YWJKCPKSXDQOAB-UHFFFAOYSA-N,COc1cc(COCCN(C)C)cc(OC)c1OC,1
YOSDTJYMDAEEAZ-UHFFFAOYSA-N,CC(=O)c1ccc(C)s1,1
LMINNBXUMGNKMM-UHFFFAOYSA-N,CN1c2ccccc2Sc2ccc(CC(=O)O)cc21,1
KVHMBHHFQISDGF-UHFFFAOYSA-N,NCCCN1c2cc(O)ccc2Sc2ccc(Cl)cc21,1
BECGZYKNPMWKFC-UHFFFAOYSA-N,CN(C)CCCN1c2cc(O)ccc2Sc2cc(O)c(Cl)cc21,1
ICKMASVVMCGZLR-UHFFFAOYSA-N,CC(=O)Oc1c(I)cc(I)cc1C(=O)Nc1ccc(Cl)cc1,0
UBZIFFSZSWUDDM-UHFFFAOYSA-N,COc1cc(COCCN)cc(OC)c1OC,1
OCJHCMZWHYSFPN-UHFFFAOYSA-N,Nc1ccc(O)ccc1=O,1
HUXKPGMUERDTKR-UHFFFAOYSA-N,O=c1oc2ccc(Cl)cc2n1CN1CCOCC1,0
SDHHZJUUIBWPPN-UHFFFAOYSA-N,CN(C)C1(C#N)CCCCC1,1
JILASYJQVXOLSP-UHFFFAOYSA-N,CN1CCCN(C)C1=S,1
FNTZFTBFBDSSGA-UHFFFAOYSA-N,CN1CCCCN(C)C1=S,1
BSVHATKBZZYYIC-UHFFFAOYSA-N,CN1CCCCN(C)C1=O,0
NMNAQZVZNGCDFU-UHFFFAOYSA-N,CC1(C)Oc2cc(O)ccc2C2=C1CCCC2,1
INDSXFNQCMKBOI-UHFFFAOYSA-N,CC1(C)Oc2cc(O)cc(O)c2C2=C1CCCC2,1
HVPGANLUVNQMME-UHFFFAOYSA-N,CC1(C)Oc2cc(O)c(Cl)cc2C2=C1CCCC2,1
LTKDQQKMLKFYNJ-UHFFFAOYSA-N,CCCCCCc1cc2c(cc1O)OC(C)(C)C1=C2CCCC1,1
ZFWYZPJOMMIRAM-UHFFFAOYSA-P,Cc1cc2c3ccccc3[n+]1CCCCCCCCCC[n+]1c(C)cc(c3ccccc31)NCCCCCCCCCCN2,1
MQDPBSVJRDMZSU-UHFFFAOYSA-N,C=CCN(CC(N)=O)c1ccccc1,1
SAADBVWGJQAEFS-UHFFFAOYSA-N,CCN(CC)CCN1C(=O)CN=C(c2ccccc2F)c2cc(Cl)ccc21,0
QDIJKTNDTUWSER-UHFFFAOYSA-N,O=c1oc2ccc(Cl)cc2n1CN1CCCC1,1
RHAXSHUQNIEUEY-UHFFFAOYSA-N,COc1cc(C)nc(-n2nc(C)cc2OC)n1,0
MROJXXOCABQVEF-UHFFFAOYSA-N,CC(=O)Nc1ccc(CC(=O)O)cc1,0
KMOVXPOORWLEPL-UHFFFAOYSA-N,COc1ccccc1OCC(COC(=O)c1cccnc1)OC(=O)c1cccnc1,0
RLFFWWKJSJOYMQ-UHFFFAOYSA-N,O=C1NCCCCN1,0
POXFXLAMAIJLDM-UHFFFAOYSA-N,Nc1ccc(S(=O)(=O)Nc2cccc[n+]2[O-])cc1,0
HNNGEOOMYNAEGA-UHFFFAOYSA-N,CSCCn1c(=O)oc2ccc(F)cc21,0
LHTWZQAREYKQEG-UHFFFAOYSA-N,CN(C)C(=O)n1c(=O)oc2ccccc21,0
VODSBZGECUUVAS-UHFFFAOYSA-N,NC(=O)OCCCn1c(=O)oc2ccccc21,0
BMKFKTFCOJPUGR-UHFFFAOYSA-N,C#CCn1c(=O)oc2ccccc21,1
JJDFRWUDJCZOMW-UHFFFAOYSA-N,O=C1c2ccccc2C(=O)N1CCCn1c(=O)oc2cc(Br)c(Cl)cc21,0
ULPCVUWMPUNJQU-UHFFFAOYSA-N,CCN(CCBr)Cc1ccc(Cl)cc1,1
KANJSWOVFIVFDI-UHFFFAOYSA-N,O=C1C=C(I)C(=O)C(I)=C1,1
KNMZETOZKQXYFY-UHFFFAOYSA-N,OCCc1ccccc1-c1ccccn1,0
QFAVBLKMVBLZHV-UHFFFAOYSA-N,NCCCCCNCCSP(=O)(O)O,0
WMIAQXWVZFAYQL-UHFFFAOYSA-N,O=C1NC(=O)C(c2ccccc2)(c2ccccc2)N1S(=O)(=O)c1ccccc1,0
ZVVFIXFTAITHQK-UHFFFAOYSA-N,Oc1c(Cl)c(Cl)c(Oc2c(Cl)c(Cl)c(Cl)c(Cl)c2Cl)c(Cl)c1Cl,1
KNVIWKFOCCEBOC-UHFFFAOYSA-N,CN1CCN(CN2C(=O)NC(c3ccccc3)(c3ccccc3)C2=O)CC1,1
QVYXDGUCDAMORO-UHFFFAOYSA-N,S=C1NC(c2ccccc2)(c2ccccc2)C(=S)N1CN1CCOCC1,0
BRHXMUYKBFOAAE-UHFFFAOYSA-N,CSC1=NC(c2ccccc2)(c2ccccc2)C(=O)N1CN1CCOCC1,0
CFOQGBUQTOGYKI-UHFFFAOYSA-N,N=C(N)Nc1ccc(C(=O)Oc2ccc([N+](=O)[O-])cc2)cc1,1
VZQHGUSHUGPARZ-UHFFFAOYSA-N,COc1ccc2c(c1O)N(CCCN(C)C)c1cc(Cl)ccc1S2,1
WMKNOQCAEUTEEI-UHFFFAOYSA-N,NCCCCSS(=O)(=O)O,1
ULFADZCQQPUNCM-UHFFFAOYSA-N,NCCCCCSS(=O)(=O)O,1
FVAITYGYNLHBDF-UHFFFAOYSA-N,NCCCCCCSS(=O)(=O)O,1
UZCJGDSQAFVBCG-UHFFFAOYSA-N,CN1CCN(CN2C(=O)C(c3ccccc3)(c3ccccc3)NC2=S)CC1,1
QMJXMZSJIGAVQX-UHFFFAOYSA-N,COc1cc(C(=O)N2CCCCCC2)cc(OC)c1OC,0
WTRGRISRPKBFIM-UHFFFAOYSA-N,Cc1nsc(Cl)c1C(=O)N1CCOCC1,1
VIWPFHJCPBDCTB-UHFFFAOYSA-N,Cc1nsc(Cl)c1C(=O)OCCN(C)C,1
MCNVGCWBRVMJKE-UHFFFAOYSA-N,NS(=O)(=O)c1csc(S(N)(=O)=O)c1,0
MYGOAWSTBUIRKA-UHFFFAOYSA-N,NS(=O)(=O)c1cc(S(N)(=O)=O)c(Cl)s1,1
LSNYUHIYIPLFNS-UHFFFAOYSA-N,C=CCN1C2CCC1CC(OC(=O)C(CO)c1ccccc1)C2,1
VNPHYBXISGDJBH-UHFFFAOYSA-N,O=C(CCl)NCCCNC(=O)CCl,1
DAVOTJLHZIPOBO-UHFFFAOYSA-N,Cc1ccccc1OCc1coc(=O)[nH]1,0
FVHNIWSSACDLBF-UHFFFAOYSA-N,CCNC1(C#N)CCCCC1,1
BFONNRLSLNCPJF-UHFFFAOYSA-N,N#CC1(N2CCCC2)CCCCC1,1
LXTYGFRBBFCHJX-UHFFFAOYSA-N,O=C(OCCN1CCCOCC1)C(c1ccccc1)c1ccccc1,1
CHSYANTYCNLRSL-UHFFFAOYSA-N,CCN(CC)CCOC(=O)c1c(C)nsc1Cl,0
YFNCATAIYKQPOO-UHFFFAOYSA-N,CCOC(=O)NC(=S)Nc1ccccc1NC(=S)NC(=O)OCC,0
XHSYJYUUWKZQOW-UHFFFAOYSA-N,O=c1ccc(-c2ccccc2)nn1CCO,1
WOQMZUMEAUMDOO-UHFFFAOYSA-N,O=c1[nH]nc(-c2ccccc2)s1,0
BATBOVZTQBLKIL-UHFFFAOYSA-N,CC(C)=CCC(OC(=O)C=C(C)C)C1=CC(=O)c2c(O)ccc(O)c2C1=O,1
KIIQPJPWSJBTGN-UHFFFAOYSA-N,CC(=O)n1c(=O)oc2ccccc21,0
UVDQDNQWGQFIAO-UHFFFAOYSA-N,COc1ccc2c(c1OC)CC1c3c(cc4c(c3-2)OCO4)CCN1C,1
HPWXYMIPHGLDLX-UHFFFAOYSA-N,CC(=O)c1c(Cl)c(Cl)c(Cl)c(Cl)c1Cl,1
CXQGFLBVUNUQIA-UHFFFAOYSA-N,CN(C)C(=O)CCCOC(=O)C(C)(C)Oc1ccc(Cl)cc1,0
KAMCBFNNGGVPPW-UHFFFAOYSA-N,C=CS(=O)(=O)COCS(=O)(=O)C=C,1
PDLWQTVMGHECQL-UHFFFAOYSA-N,CNC(=O)N1C(=O)CN=C(c2ccccc2)c2cc([N+](=O)[O-])ccc21,1
ZTBGCDFKOGILGZ-UHFFFAOYSA-N,COc1cc2ccn3cnnc3c2cc1OC,1
BICDWBFMGBHOJG-UHFFFAOYSA-N,Cc1c(NS(=O)(=O)CCN)c(=O)n(-c2ccccc2)n1C,0
FWAWELGQRMERND-UHFFFAOYSA-N,CCN(CCN(C)C)c1ccccc1,1
YKLHWMNKDGZBAX-UHFFFAOYSA-N,O=C1C(=O)N(C(=O)c2ccccc2)c2ccccc21,0
FVSUDTLZWVZJBF-UHFFFAOYSA-N,COc1cc2ccn3c(C)nnc3c2cc1OC,0
XVXAUTLBDZGRCG-UHFFFAOYSA-N,Cc1ccc(C(=O)CCN2CCN(c3ccccc3)CC2)cc1,0
IMIFOMXUSVHDSM-UHFFFAOYSA-N,COc1ccccc1CN1CCOCC1,1
JDSQMELORMMNLL-UHFFFAOYSA-N,O=c1nc(-c2cc(Cl)ccc2Cl)[nH]c(=O)[nH]1,0
YRXONVDHHSMUDU-UHFFFAOYSA-N,N=C(N)Nc1ccnc(NC(=N)N)n1,1
NCRMXGONWCWVSY-UHFFFAOYSA-N,Cc1cnc(NC(=N)N)nc1NC(=N)N,1
WLOGRANXQCUIPF-UHFFFAOYSA-N,NCCS(=O)(=O)N1CCCCC1,1
KGPQKNJSZNXOPV-UHFFFAOYSA-N,O=c1cc(O)c1=O,1
OGGVYFZQKOAMSL-UHFFFAOYSA-N,CN(C)c1ccc(=O)n(-c2ccccc2)n1,1
BVPMMHIYXMVPKJ-UHFFFAOYSA-N,O=c1ccc(-c2ccccc2)nn1CO,1
RJYQLMILDVERHH-UHFFFAOYSA-N,CC(O)CCC(=O)c1ccoc1,1
HBPDKDSFLXWOAE-UHFFFAOYSA-N,CNC(=O)N(C)c1nnc(C(C)(C)C)s1,0
PLAGADAOXYZAML-UHFFFAOYSA-N,O=C(COc1ccc(Cl)cc1)OCCN1CCOCC1,0
SNFONUQYPBCAIH-UHFFFAOYSA-N,Nc1ccc(N)c(=O)cc1,1
OOTGVNOBTIPORR-UHFFFAOYSA-N,O=C(COc1ccc(Cl)cc1)OCCN1CCCOCC1,0
MIWRSUQXSCLDNV-UHFFFAOYSA-N,CSc1nc(=O)c(C(C)(C)C)n[nH]1,1
AZNDXYXXGIGVCZ-UHFFFAOYSA-N,Oc1c(Cl)c(Cl)c(Cl)c(Cl)c1Oc1c(Cl)c(Cl)c(Cl)c(Cl)c1Cl,1
BTGNTTUJFLLIOF-UHFFFAOYSA-N,CCN(C)c1ccc(=O)n(-c2ccccc2)n1,1
GIUIBIOEEACCSK-UHFFFAOYSA-N,O=c1ccc(N2CCOCC2)nn1-c1ccccc1,0
ZCDJBQCGMYTBHB-UHFFFAOYSA-N,O=c1ccc(-c2ccccc2)nn1CN1CCCCC1,1
MVPWWLJIRAFOJG-UHFFFAOYSA-N,CCCN1CCN(Cn2nc(-c3ccccc3)ccc2=O)CC1,1
HCAXGVADQJIQQL-UHFFFAOYSA-N,CCCCN1CCN(Cn2nc(-c3ccccc3)ccc2=O)CC1,1
PIDKCMXFTVKLLV-UHFFFAOYSA-N,Nc1ccccc(Br)c1=O,1
KPCYIJKZGZSGAS-UHFFFAOYSA-N,Nc1ccc(O)c(=O)c(Br)c1,1
VGFIPNNZCAAAMJ-UHFFFAOYSA-N,C=C(C)C(=O)NCCc1ccc(O)cc1,0
CXWARSOKLLCROL-UHFFFAOYSA-N,COc1cc(C(=O)Nc2cccc3c2CN(C)CC3)cc(OC)c1OC,1
URJQOOISAKEBKW-UHFFFAOYSA-N,CCOc1c(N2CCOCC2)cnn(C)c1=O,0
CJLSDBRIXZFCKV-UHFFFAOYSA-N,O=C(CCl)CC(=O)Nc1ccccc1,1
JEXLLBRBNFHWRA-UHFFFAOYSA-N,CC(C)OCC(O)COc1ccccc1,0
AYWSRQACJRZHIY-UHFFFAOYSA-N,C#CCOc1ccc(N2C(=O)C3C4C=CC(C4)C3C2=O)cc1,1
ULLDGUHBHPHDHS-UHFFFAOYSA-N,CC(=O)COc1ccc(N2C(=O)C3C4C=CC(C4)C3C2=O)cc1,0
HFZSCCJTJGWTDZ-UHFFFAOYSA-N,Cc1cc(C)c2c(c1)C(=O)C(=O)N2,1
BDYFLBSTOUWXCP-UHFFFAOYSA-N,CCN(CC)CCOC(=O)c1cc(C)c(N)c(C)c1,1
DMHGXMPXHPOXBF-UHFFFAOYSA-N,COc1ccc2c(c1)C(=O)C(=O)N2,0
VMZUTJCNQWMAGF-UHFFFAOYSA-N,CCc1cc2c(s1)-n1c(C)nnc1CN=C2c1ccccc1Cl,0
RUGYNGIMTAFTLP-UHFFFAOYSA-N,Cc1cc(C)n(-c2nc3ccccc3[nH]2)n1,0
BVMVWVHTEBDOLX-UHFFFAOYSA-N,Cc1ccc2nc3c(c(N4CCN(c5ccccc5)CC4)c2c1)CCC3,1
ZZTJGQQZAGQSGL-UHFFFAOYSA-N,Cc1ccc(N2CCN(c3c4c(nc5ccc(C)cc35)CCC4)CC2)cc1,1
HQRKOJHFDQQNAR-UHFFFAOYSA-N,COc1ccc2nc3c(c(N4CCN(c5ccccc5)CC4)c2c1)CCC3,1
VVWAQVRTZWSURP-UHFFFAOYSA-N,COc1ccc2nc3c(c(N4CCN(c5ccccc5C)CC4)c2c1)CCC3,1
FAIOIINYQCSNLB-UHFFFAOYSA-N,Cc1ccc(N2CCN(c3c4c(nc5c(C)cccc35)CCC4)CC2)cc1,1
WBNPMYJLGASBPI-UHFFFAOYSA-N,O=C(O)CCN1c2ccc(O)cc2Sc2ccc(Cl)cc21,1
PTKZJSSZZSMJPS-UHFFFAOYSA-N,CCOC(=O)CN1C(=O)C(=O)c2ccccc21,0
CLIMZDIZFXRPCR-UHFFFAOYSA-N,O=C(Oc1cccc2cccnc12)c1ccccc1O,1
GFTSIDLUOSZZIW-UHFFFAOYSA-N,Oc1c(Cl)c(Cl)c(Cl)c(Oc2c(Cl)c(Cl)c(Cl)c(Cl)c2Cl)c1Cl,1
LHABWFJUCMQSEM-UHFFFAOYSA-N,COc1ccc2c(n1)Sc1c(N)nc(N)nc1N2,1
NOOGGLVJRULEIG-UHFFFAOYSA-N,N#CC1(N2CCOCC2)CCCCC1,1
REXYZBPHGWETIR-UHFFFAOYSA-N,O=C(COc1ccccc1)NCCN1CCOCC1,1
GHEQHRNGVBCAQJ-UHFFFAOYSA-N,O=C(COc1ccc(Cl)cc1)NCCN1CCOCC1,0
RGPSOYFBKZRACN-UHFFFAOYSA-N,O=C(COc1ccc(Cl)cc1Cl)NCCN1CCOCC1,0
YTZNEHGBLNQONS-UHFFFAOYSA-N,O=C(COc1ccccc1)NCCN1CCCOCC1,1
SQQNZSRTQBADGY-UHFFFAOYSA-N,O=C(COc1ccc(Cl)cc1)NCCN1CCCOCC1,0
BBZWEXAAGLXJQC-UHFFFAOYSA-N,O=C(COc1ccc(Cl)cc1Cl)NCCN1CCCOCC1,0
YFOKBFRTGLSZLU-UHFFFAOYSA-N,c1cncc(-c2c[nH]cn2)c1,1
YTAWTKWPIQOXTI-UHFFFAOYSA-N,O=C(COc1ccccc1Cl)N1CC1,0
AHDBQMJRRXVRDY-UHFFFAOYSA-N,CC1(C)CN(CCN2CCN(c3cccc(Cl)c3)C2=O)C1,1
KKXVHJDVSGWQEL-UHFFFAOYSA-N,CCCC1(CCC)CN(CCN2CCN(c3cccc(Cl)c3)C2=O)C1,1
DLJCVQNQFFCFKO-UHFFFAOYSA-N,CCCCC1(CCCC)CN(CCN2CCN(c3cccc(Cl)c3)C2=O)C1,1
KQGHVTACQRUIRB-UHFFFAOYSA-N,CCCC1(CCC)CN(CC(C)N2C(=O)N(c3cccc(Cl)c3)CC2C)C1,1
NJLOJDTUJWWXQL-UHFFFAOYSA-N,CCCC1(CCC)CN(CC(C)N2C(=O)N(c3ccc(Cl)cc3)CC2C)C1,1
OPLVTJOCGWGFBR-UHFFFAOYSA-N,CC(CN1CC(C)(C)C1)N1C(=O)N(c2cccc(Cl)c2)CC1C,1
YHXUXVOYEHPUKL-UHFFFAOYSA-N,OCCCN(CCC(c1ccccc1)c1ccccc1)CCC(c1ccccc1)c1ccccc1,1
MRBKLGXBDJIPBI-UHFFFAOYSA-N,COc1ccc2c(c1CN1CCOCC1)C(=O)c1ccccc1C2=O,1
BHFDLTZVTSVQBW-UHFFFAOYSA-N,C=C1C2CCC3CC2(CC3(C)O)C2OC(C)(C)OC2C2(O)C1CC(O)C2(C)C,1
RKLQLYBJAZBSEU-UHFFFAOYSA-N,NS(=O)(=O)c1ccc(Cl)s1,1
BUQKISCVZMIFEF-UHFFFAOYSA-N,NS(=O)(=O)c1cc(Cl)sc1Cl,1
XVZWWNMZVZWQKU-UHFFFAOYSA-N,CC(=O)c1cc2c(CO)cc(O)cc2oc1=O,0
RMLZFXREHHJMDO-UHFFFAOYSA-N,O=C1CN2CCO[Si](c3ccc(F)cc3)(OCC2)O1,1
WZLCEHIVYQVRHF-UHFFFAOYSA-N,COc1c(C)cccc1CC(O)CO,0
ZMVHMAFAQWEZEX-UHFFFAOYSA-N,COc1ccccc1NC(=S)NNC(=O)Cc1c(C)[nH]c2ccccc12,1
PEFKHSSQWUWSOD-UHFFFAOYSA-N,Cc1[nH]c2ccccc2c1CC(=O)NNC(=S)Nc1ccccc1,1
VUCPLMJTQLWKAM-UHFFFAOYSA-N,Cc1cccc(-n2c(Cc3c(C)[nH]c4ccccc34)n[nH]c2=S)c1,1
PWVKTZCAQDNLRO-UHFFFAOYSA-N,Cc1ccccc1NC(=S)NNC(=O)Cc1c(C)[nH]c2ccccc12,1
WWKQISBESFMFRA-UHFFFAOYSA-N,Cc1cccc(NC(=S)NNC(=O)Cc2c(C)[nH]c3ccccc23)c1,1
HZPBBRJUUBLHHI-UHFFFAOYSA-N,Cc1ccc(NC(=S)NNC(=O)Cc2c(C)[nH]c3ccccc23)cc1,1
MWAYGJNIZZIRHK-UHFFFAOYSA-N,Cc1[nH]c2ccccc2c1CC(=O)NNC(=S)Nc1ccc(Cl)cc1,1
ZBFPSJKBVWSQQY-UHFFFAOYSA-N,Cc1[nH]c2ccccc2c1CC(=O)NNC(=S)Nc1ccc(Br)cc1,1
APHDXACZRSOUMH-UHFFFAOYSA-N,Cc1[nH]c2ccccc2c1CC(=O)NNC(=S)Nc1ccc(I)cc1,1
RRWUSDYQEVLOKC-UHFFFAOYSA-N,C=CCNC(=S)NNC(=O)Cc1c(C)[nH]c2ccccc12,1
MWPLPQKJDAPXQR-UHFFFAOYSA-N,CCCCNC(=S)NNC(=O)Cc1c(C)[nH]c2ccccc12,1
LIEZBXUPACNEPI-UHFFFAOYSA-N,Cc1[nH]c2ccccc2c1Cc1n[nH]c(=S)n1-c1ccccc1,1
YQJBDYBTSJVYRO-UHFFFAOYSA-N,Cc1ccccc1-n1c(Cc2c(C)[nH]c3ccccc23)n[nH]c1=S,1
ZCAJLBFGHSOZMW-UHFFFAOYSA-N,Cc1ccc(-n2c(Cc3c(C)[nH]c4ccccc34)n[nH]c2=S)cc1,1
VEAXWCJEAAUBNS-UHFFFAOYSA-N,COc1ccccc1-n1c(Cc2c(C)[nH]c3ccccc23)n[nH]c1=S,1
DHDXMCCDFWQKGM-UHFFFAOYSA-N,COc1ccc(-n2c(Cc3c(C)[nH]c4ccccc34)n[nH]c2=S)cc1,1
XOHFMCKIJZUIMV-UHFFFAOYSA-N,Cc1[nH]c2ccccc2c1Cc1n[nH]c(=S)n1-c1ccc(Cl)cc1,1
XWROEPWYPUSRKR-UHFFFAOYSA-N,Cc1[nH]c2ccccc2c1Cc1n[nH]c(=S)n1-c1ccc(Br)cc1,1
AJWMIUGKGODHHJ-UHFFFAOYSA-N,Cc1[nH]c2ccccc2c1Cc1n[nH]c(=S)n1-c1ccc(I)cc1,1
GXUOKIWEPJDZCH-UHFFFAOYSA-N,Cc1[nH]c2ccccc2c1Cc1n[nH]c(=S)n1C1CCCCC1,1
FWXTZMOAIANYMQ-UHFFFAOYSA-N,C=CCn1c(Cc2c(C)[nH]c3ccccc23)n[nH]c1=S,1
LUZNIARHZJPBHZ-UHFFFAOYSA-N,CCCCn1c(Cc2c(C)[nH]c3ccccc23)n[nH]c1=S,1
YXYSIDKIONXQNM-UHFFFAOYSA-N,COc1ccc(NC(=S)NNC(=O)Cc2c(C)[nH]c3ccccc23)cc1,1
XVCQBERSJBUIEB-UHFFFAOYSA-N,COc1cc(C(=O)N(C)C)nn1-c1cccc(Cl)c1,1
FBCZATUQGDWDIU-UHFFFAOYSA-N,CNC(=O)c1cc(OC)n(-c2cccc(Cl)c2)n1,0
VTLVRMDPKYYQLS-UHFFFAOYSA-N,CCOC(=O)C1=C(C)NC(C)=C(C(=O)OCC)C1c1ccc([N+](=O)[O-])o1,0
BTSQRJRXEHPLIY-UHFFFAOYSA-N,Cc1ccccc1/N=C1/SCC(=O)N1CCCN1CCOCC1,0
ZDQPPESKBCASQW-UHFFFAOYSA-N,Cc1ccc(/N=C2/SCC(=O)N2CCCN2CCOCC2)cc1,1
XXMAAYGBBDBBIL-UHFFFAOYSA-N,Cc1cccc(C)c1/N=C1\SCC(=O)N1CCCN1CCOCC1,1
IAGFZPWQHMBBJP-UHFFFAOYSA-N,NS(=O)(=O)c1csc([N+](=O)[O-])c1,1
SDBZFUDPHOVZOP-UHFFFAOYSA-N,CCOc1ccccc1N1C(=O)C2C3C=CC(C3)C2C1=O,0
PYIHCGFQQSKYBO-UHFFFAOYSA-N,O=C(O)Cc1ccc2c(c1)OCc1ccccc1C2=O,0
PUSBZEZQSRLMEY-UHFFFAOYSA-N,COc1cc(Nc2nc(C)ccc2S)nc(OC)n1,1
IIUGNCGMTKQGSY-UHFFFAOYSA-N,Cc1ccc2c(n1)Nc1ncnc(N)c1S2,1
DFILOWKBJASVIL-UHFFFAOYSA-N,Cc1ccc(S)c(Nc2cc(=O)nc(N)[nH]2)n1,1
HIHUAMSKWMGUNW-UHFFFAOYSA-N,CC(=O)Sc1ccccc1C(=O)O,1
REVYYWXIURTZMT-UHFFFAOYSA-N,Cn1c(=O)c2c(nc(SCCO)n2C)n(C)c1=O,1
BFCRRLMMHNLSCP-UHFFFAOYSA-N,COc1cc(Cc2cnc(N)nc2N)cc(OC)c1Br,0
GCAWNTQAMNBDAY-UHFFFAOYSA-N,CNc1ccc(O)c2c1C(=O)c1c(NC)ccc(O)c1C2=O,0
PGHJWTXISGXSHF-UHFFFAOYSA-N,C=CCC1(CC=C)C(=O)CC(=O)N(C2CCCCC2)C1=O,1
DBBXIIGYVZWDBT-UHFFFAOYSA-N,CCC1(CC)C(=O)CC(=O)N(C2CCCCC2)C1=O,1
JAGDZUSUEIQTBZ-UHFFFAOYSA-N,CCn1nc(C(C)(C)C)c2c1-c1ccccc1C2(O)c1ccccc1,1
UGPWZFYCCSIYOT-UHFFFAOYSA-N,CCn1nc(C(C)(C)C)c2c1-c1ccccc1C2(O)c1ccc(Cl)cc1,1
BWHNMHJACGPENC-UHFFFAOYSA-N,CCn1nc(C(C)(C)C)c2c1-c1ccccc1C2(O)c1ccc(C)cc1,1
YRWXJQDVSFBCLN-UHFFFAOYSA-N,CCC1(c2ccccc2)CCC(=O)N(CN2CCN(CN3C(=O)CCC(CC)(c4ccccc4)C3=O)CC2)C1=O,0
SEBVEHLTCQRKHP-UHFFFAOYSA-N,OC(CN1CCN(c2ccccc2)CC1)c1cccnc1,1
YMSKHVRNJNNIMI-UHFFFAOYSA-N,COc1ccccc1N1CCN(CC(O)c2cccnc2)CC1,1
XWCAAAMQXXZGCU-UHFFFAOYSA-N,COc1ccc(N2CCN(CC(O)c3cccnc3)CC2)cc1,1
TXWCDDRRZFHJOF-UHFFFAOYSA-N,Cc1ccccc1N1CCN(CC(O)c2cccnc2)CC1,1
ZMIBNAQKEYVEME-UHFFFAOYSA-N,Cc1cccc(N2CCN(CC(O)c3cccnc3)CC2)c1,1
OJBRTKDHECLQRZ-UHFFFAOYSA-N,Cc1ccc(N2CCN(CC(O)c3cccnc3)CC2)cc1,1
LUSXXGKHFHBBOK-UHFFFAOYSA-N,OC(CN1CCN(c2ccccc2Cl)CC1)c1cccnc1,1
RQRMZLQJWWLXKF-UHFFFAOYSA-N,OC(CN1CCN(c2cccc(Cl)c2)CC1)c1cccnc1,1
XZNTWHDKCQBRFP-UHFFFAOYSA-N,OC(CN1CCN(c2ccc(Cl)cc2)CC1)c1cccnc1,1
GJGCCLWHKBPPIJ-UHFFFAOYSA-N,OC(CN1CCN(c2ccccc2)CC1)c1ccncc1,1
CUWWSCCETGNYAJ-UHFFFAOYSA-N,COc1ccccc1N1CCN(CC(O)c2ccncc2)CC1,1
ARJNYHVVVSTBEA-UHFFFAOYSA-N,COC(CN1CCN(c2ccccc2)CC1)c1cccnc1,1
AHEPDULQXFTSOW-UHFFFAOYSA-N,CCOC(CN1CCN(c2ccccc2)CC1)c1cccnc1,1
MAZSEAIYFIJPJC-UHFFFAOYSA-N,COc1ccccc1N1CCN(CC(OC)c2cccnc2)CC1,1
HONKOOXYBLOMNX-UHFFFAOYSA-N,COC(CN1CCN(c2ccccc2Cl)CC1)c1cccnc1,1
RHKFILUJULXCGJ-UHFFFAOYSA-N,O=C(CN1CCN(c2ccccc2)CC1)c1cccnc1,1
GBQKNJRLFPNMDY-UHFFFAOYSA-N,O=C(CN1CCN(c2ccccc2Cl)CC1)c1cccnc1,1
OUIAVCBTBVYMAZ-UHFFFAOYSA-N,COc1ccccc1N1CCN(CC(=O)c2cccnc2)CC1,1
HGEVNRLDUFNBSW-UHFFFAOYSA-N,COc1ccccc1N1CCN(CCc2cccnc2)CC1,1
TXYVGFBIJKAUAP-UHFFFAOYSA-N,c1ccc(N2CCN(CCc3cccnc3)CC2)cc1,1
ONEBUYWOPQQDEV-UHFFFAOYSA-N,Clc1ccccc1N1CCN(CCc2cccnc2)CC1,1
IGVQTQOASBTUOX-UHFFFAOYSA-N,O=C(OCC1COC2(CCCCC2)O1)c1ccccc1O,0
NAXGGCPZYASDDW-UHFFFAOYSA-N,O=C(OCC1CSC2(CCCCC2)O1)c1ccccc1O,0
RXFJXUYDBQZLSW-UHFFFAOYSA-N,CC1=C(C(C)C)CC=CC1,0
KJRCVOWXLZJQKW-UHFFFAOYSA-N,Cc1cc(=O)c2c(C)ccc(C)c2o1,0
KYAMYNWIAQNFEG-UHFFFAOYSA-N,O=C(O)CN1C(=O)C(=O)c2ccccc21,0
WNUGDXSWWKZTSV-UHFFFAOYSA-N,CC1(C)C(C#N)C(=O)NC(=O)C1C#N,1
DJFNSIPRNOWLEQ-UHFFFAOYSA-N,O=C1CCCCC1C(O)c1ccc(Cl)cc1,0
QPBUAWLNGZJUEM-UHFFFAOYSA-N,O=C1C2=C(CCCC2)C(=O)N1c1ccccn1,0
DKWWULOOUAZNGJ-UHFFFAOYSA-N,c1ccc(-n2cc3c(c2)CCCC3)cc1,0
JYFYFJNCGTYGBC-UHFFFAOYSA-N,CCCCCC1(C)C(C#N)C(=O)NC(=O)C1C#N,1
UNEDMSATJNHCBM-UHFFFAOYSA-N,Cc1cc(=O)n(-c2cccc(OC(F)F)c2)n1C,1
VJHTVAONVMKOEL-UHFFFAOYSA-N,Cc1cc(=O)n(-c2ccc(OC(F)F)cc2)n1C,1
BXERGRXDZTVEOK-UHFFFAOYSA-N,Cc1cc(=O)n(-c2cccc(SC(F)F)c2)n1C,1
UUXKDEGAFJCCBF-UHFFFAOYSA-N,Cc1cc(=O)n(-c2ccc(SC(F)F)cc2)n1C,1
YNMUYTYHOAYWBP-UHFFFAOYSA-N,Cc1cc(=O)n(-c2ccc(S(=O)(=O)C(F)F)cc2)n1C,1
RHKAJQAIEVKRTO-UHFFFAOYSA-N,CCN(CC)CCNC(=N)c1ccc(OC(C)C)cc1,1
ZYQBXAZSRSUNTE-UHFFFAOYSA-N,Cc1[nH]c2ccccc2c1CCNC(=O)c1cccnc1,1
WAUDIBKITGHWMS-UHFFFAOYSA-N,CCCCOCC(COCCCC)OC(C)=O,0
AXOCQRIXONLMRS-UHFFFAOYSA-N,OCc1cccc2cc(Oc3ccc(Cl)c4cccnc34)c(O)cc12,1
JLLPFTPHTNXAHD-UHFFFAOYSA-N,OCc1cc(Cl)c2cc(O)c(Oc3cccc4cc(Cl)cnc34)cc2c1,1
BQNJDGBQHMXFLP-UHFFFAOYSA-N,OCc1cccc2cc(Oc3ccc(I)c4cccnc34)c(O)c(Cl)c12,1
OKTUZPNHTNSWOS-UHFFFAOYSA-N,OCc1cc(Br)cc2cc(Oc3cccc4cccnc34)c(O)c(Br)c12,1
WBDTXCLZEVWWFL-UHFFFAOYSA-N,OCc1cccc2c(O)c(Oc3cccc4cccnc34)ccc12,1
DFLUEFGMDBIGRS-UHFFFAOYSA-N,OCc1cccc2cc(Oc3cccc4cccnc34)c(O)cc12,1
NQBIIZCLITWWOH-UHFFFAOYSA-N,COc1cc(O)cc2c1N(CCCN(C)C)c1cc(Cl)ccc1S2,1
GIAVYZPYLHJCHT-UHFFFAOYSA-N,Cc1ccccc1C1CCCCC1=O,0
YNYNUTVLZJKTLZ-UHFFFAOYSA-N,CCCC1Cc2c(n(CCc3ccc(C)nc3)c3ccccc23)CN1,1
AQHKYFLVHBIQMS-UHFFFAOYSA-N,COC(F)(F)C(C(F)(F)F)C(F)(F)F,1
RGBIYOVCIRBCTL-UHFFFAOYSA-N,Cc1ccc2c(n1)Nc1nc(N)nc(N)c1S2,1
FAOJZLLGGFDDAA-UHFFFAOYSA-N,Cc1ccc2c(n1)Nc1nc(N)nc(Cl)c1S2,1
OUBIXKHZYMCCLO-UHFFFAOYSA-N,Cc1ccc2c(n1)Nc1[nH]c(=O)nc(N)c1S2,1
DQVHBIDSEFMVEU-UHFFFAOYSA-N,CCN(CCCl)Cc1ccc(Cl)cc1,1
QDJFCVLFAFASNE-UHFFFAOYSA-N,O=C(CI)NCC(O)CNC(=O)CI,1
AOPZIMQUPVBBKF-UHFFFAOYSA-N,CCOC(=O)CSc1nnc(-c2ccccc2)s1,1
JAIIRUBKMWLGHL-UHFFFAOYSA-N,CCOC(=O)CS(=O)(=O)c1nnc(-c2ccccc2)s1,1
ACEWLPOYLGNNHV-UHFFFAOYSA-N,CC(C)Cc1ccc(C(C)C(=O)OCc2ccccn2)cc1,0
CVSGHJBHRSEMRX-UHFFFAOYSA-N,CC1(C)C(C#N)C(=O)N(CN2CCOCC2)C(=O)C1C#N,1
BOXCQSCNUFVJIQ-UHFFFAOYSA-N,CCC1(C)C(C#N)C(=O)N(CN2CCOCC2)C(=O)C1C#N,1
WTIYVDBHKOAGAR-UHFFFAOYSA-N,OC(Cc1ccccc1)CN1CCN(c2ccccc2)CC1,1
VHZFQGVFPZEVFG-UHFFFAOYSA-N,NC(=O)NC(=O)NCc1ccccc1,0
KJVVLWOXGCUVHD-UHFFFAOYSA-N,O=C(NCc1nc2ccccc2c(=O)n1CCc1ccc(O)c(O)c1)c1ccccc1,0
NTYKFTHJEUWDOO-UHFFFAOYSA-N,COc1ccc(OC)c(CCN(C)C(N)=O)c1,1
INISTDXBRIBGOC-UHFFFAOYSA-N,CC(C)C(Nc1ccc(C(F)(F)F)cc1Cl)C(=O)OC(C#N)c1cccc(Oc2ccccc2)c1,1
GSLYQYULOSZYOE-UHFFFAOYSA-N,Cc1ccccc1N1C(=O)CCC(n2c(C)nc3ccccc3c2=O)C1=O,0
FRGLZTZLQLQWBI-UHFFFAOYSA-N,Cc1ccc(N2C(=O)CCC(n3c(C)nc4ccccc4c3=O)C2=O)cc1C,1
VHBIXWRLBUZVOC-UHFFFAOYSA-N,Cc1ccc(N2C(=O)CCC(n3c(C)nc4ccccc4c3=O)C2=O)c(C)c1,1
UZLLIKPVCJBENR-UHFFFAOYSA-N,Cc1ccc(C)c(N2C(=O)CCC(n3c(C)nc4ccccc4c3=O)C2=O)c1,1
YBGPNFSNWJLYTG-UHFFFAOYSA-N,Cc1cccc(C)c1N1C(=O)CCC(n2c(C)nc3ccccc3c2=O)C1=O,1
MJHUHYFFAHCKLN-UHFFFAOYSA-N,COc1ccc(N2C(=O)CCC(n3c(C)nc4ccccc4c3=O)C2=O)cc1,1
ICIIQZSAXDOWMG-UHFFFAOYSA-N,Cc1nc2ccccc2c(=O)n1C1CCC(=O)N(c2ccc(O)cc2)C1=O,1
COPSVUTZPKLNEY-UHFFFAOYSA-N,Cc1ccc(N2C(=O)CCC(n3c(C)nc4ccccc4c3=O)C2=O)cc1Cl,1
JJCMMLPQQYTYPG-UHFFFAOYSA-N,Cc1nc2ccccc2c(=O)n1C1CCC(=O)N(c2ccc(S(N)(=O)=O)cc2)C1=O,1
IGWQAQUDFYQIOL-UHFFFAOYSA-N,Cc1nc2ccccc2c(=O)n1C1CCC(=O)N(c2cccc3ccccc23)C1=O,1
NNNRVZNXDUKMSI-UHFFFAOYSA-N,Cc1nc2ccccc2c(=O)n1C1CCC(=O)N(c2nccs2)C1=O,1
QOLYDISDVWIKFN-UHFFFAOYSA-N,CCN(CC)C(=S)SC(=O)N(C)C,1
VRPRETQJYFCPRI-UHFFFAOYSA-N,CC(C)(C)C1(O)CCN(CC2c3ccccc3CCc3ccccc32)CC1,1
PVXVJDFPHRQLSW-UHFFFAOYSA-N,O=C(COc1ccccc1)N1CC1,0
NILQDNPVNRMYTN-UHFFFAOYSA-N,O=C(COc1ccc(Cl)cc1)N1CC1,0
JHBFGEOIOJLSIR-UHFFFAOYSA-N,COc1ccc(C(=O)CC2(O)C(=O)c3ccccc3C2=O)cc1OC,0
IBTAJIMCRCZHRC-UHFFFAOYSA-N,CCOC(=O)n1oc2ccccc2c1=O,0
SVOLFSZYJYCGEQ-UHFFFAOYSA-N,CCOC(=O)C1=C(C)NC(C)=C(C(=O)OCC)C1c1ccc(C(F)(F)F)o1,1
MIFGBHJILJHNJS-UHFFFAOYSA-N,NC(=O)c1ccc(C(=O)NCCN2CCN3Cc4[nH]c5ccccc5c4CC3C2)cc1,1
IJCRRJXGKHUUFF-UHFFFAOYSA-N,O=C(NCCCc1c[nH]c2ccccc12)c1cccc(Cl)c1,0
JEBHFKRIBCAUMR-UHFFFAOYSA-N,O=c1c2cc(Cl)ccc2on1CN1CCCCC1,0
PNPSSZWOMYWYHW-UHFFFAOYSA-N,FC(F)(F)c1cc(-c2ccccc2)c2nncn2n1,1
MEONKPHGTKPVEE-UHFFFAOYSA-N,Fc1ccc(-c2cc(C(F)(F)F)nn3cnnc23)cc1,1
XWFPAKPQJWRKCI-UHFFFAOYSA-N,Fc1ccc(-c2cc(C(F)(F)C(F)(F)F)nn3cnnc23)cc1,0
WGQASIOXFMKXRA-UHFFFAOYSA-N,Fc1ccc(-c2cc(-c3ccccc3)c3nncn3n2)cc1,0
KBNXTOJHEHCMNR-UHFFFAOYSA-N,CCN(CC)CCO[Si]1(c2ccc(Cl)cc2)CCCCC1,1
SIXRAHPXPAJESO-UHFFFAOYSA-N,CN(C)Cc1nnc(-n2c(-c3ccccc3)nc3ccccc3c2=O)s1,1
KITCRPIGRQMIAW-UHFFFAOYSA-N,O=c1c2ccccc2nc(-c2ccccc2)n1-c1nnc(CN2CCOCC2)s1,0
LDUOGKYOKCIPNO-UHFFFAOYSA-N,Cc1ccccc1NCc1nnc(-n2c(CNc3ccccc3C)nc3ccccc3c2=O)s1,0
KWBGYGKODFZVHT-UHFFFAOYSA-N,Cc1cc(C)n(-c2nc(-c3ccc(O)c(O)c3)cs2)n1,1
JEFRVCKLXOOWNK-UHFFFAOYSA-N,Cc1csc(-n2nc(C)cc2C)n1,1
ZYLGDSAPSSMRRT-UHFFFAOYSA-N,Cc1cc(C)n(-c2nc(-c3ccccc3)cs2)n1,0
CLPJVKREOPCTFK-UHFFFAOYSA-N,Cc1cc(C(F)(F)C(F)F)n(-c2nc(-c3ccc(O)c(O)c3)cs2)n1,1
MQFCAEFMKAECPE-UHFFFAOYSA-N,N#CCCCNCCC#N,1
NITMRIAAAKECLS-WDZFZDKYSA-N,O=C1NCCCN1/N=C/c1ccc([N+](=O)[O-])o1,0
FVYRUSCZCWSFLT-UHFFFAOYSA-N,CCOP(=O)(Cc1ccc(-c2nc3ccccc3s2)cc1)OCC,0
OYZSXZXCWUJDFJ-UHFFFAOYSA-N,O=c1c2c3c(sc2nc2scc(-c4ccc(Br)cc4)n12)CCCC3,0
BKNIXAGNUBETPN-UHFFFAOYSA-N,O=C(O)CCNC(=O)c1cccnc1Cl,0
XLPGZYXBXMCYJJ-UHFFFAOYSA-N,CC(CN(C)C)N1C(=O)N(c2ccc(Cl)cc2)CC1C,1
DIHFLCQZLIJXKB-UHFFFAOYSA-N,COc1ccccc1N1CCN(CC(O)c2ccccn2)CC1,1
ZSUOPPDUPWRULU-UHFFFAOYSA-N,COC(CN1CCN(c2ccccc2C)CC1)c1cccnc1,1
GKCKVCHGFKBYLJ-UHFFFAOYSA-N,CCOC(CN1CCN(c2ccccc2C)CC1)c1cccnc1,1
BMLZYLYIEWXTCM-UHFFFAOYSA-N,O=C(O)c1ccccc1Nc1cccc(Cl)c1CO,0
VRNDVGVAHVCCCU-UHFFFAOYSA-N,Cc1c(Nc2ccccc2C(=O)O)ccc(O)c1Cl,1
NUDQEQNODBLJCN-UHFFFAOYSA-N,COc1ccc(-c2csc(N3CC(=O)NC3=O)n2)cc1,1
XFVPEPYIFNNMHP-UHFFFAOYSA-N,CC1CC(=O)N(C)c2ccccc2N1C,0
VRBPDSBEMLMXGG-UHFFFAOYSA-N,Cc1ccccc1OCC(=O)N1CC1,0
YVOKGTMKRMWWJP-UHFFFAOYSA-N,O=C(COc1ccc([N+](=O)[O-])cc1)N1CC1,0
UYLHFGYZOSYPLU-UHFFFAOYSA-N,O=C(COc1ccccc1[N+](=O)[O-])N1CC1,0
YVWCNHGLSDUAQM-UHFFFAOYSA-N,Cc1ccc(OCC(=O)N2CC2)cc1,0
QLNLKYTYJSQEIE-UHFFFAOYSA-N,O=C(COc1cccc2ccccc12)N1CC1,0
VGCBCMBQDBWMBT-UHFFFAOYSA-N,Cc1cccc(OCC(=O)N2CC2)c1,0
GGXZCVYJRFSCPS-UHFFFAOYSA-N,O=C1C(=O)N(Cc2ccccc2)c2ccc(Br)cc21,0
URZPIQIVCRGAKT-UHFFFAOYSA-N,CCCCCCSC1CS(=O)(=O)CC1O,0
AGKMSAQHASAIOF-UHFFFAOYSA-N,CCCCCCCCCCCCSC1CS(=O)(=O)CC1O,1
IOISGVCNQGILBL-UHFFFAOYSA-N,CCCCCCCCCCCCS(=O)(=O)C1CS(=O)(=O)CC1O,0
SYRHGCGUNFJCQQ-UHFFFAOYSA-N,CCCCCCS(=O)C1CS(=O)(=O)CC1O,0
SYBGQUOWIDTOOE-UHFFFAOYSA-N,CCCCCCCCCCCCS(=O)C1CS(=O)(=O)CC1O,0
VZRYIZGMQICGSF-UHFFFAOYSA-N,O=CC(=O)c1ccc(F)c(F)c1,0
HYKLKVHEGMSVKE-UHFFFAOYSA-N,O=C(O)CCCN(CN(CCO)C1=NCCN1)C(=O)c1ccccc1,1
DWJKHCPKJOPMFX-UHFFFAOYSA-N,O=C(O)CCCN(CN(CCCO)C1=NCCN1)C(=O)c1ccccc1,1
PSFDRSWFKUYVET-UHFFFAOYSA-N,O=C(O)CCCN(CN(C1=NCCN1)C1CCCCC1)C(=O)c1ccccc1,1
NIPSVSOVTLKTPQ-UHFFFAOYSA-N,O=C(O)CCCN(CN(C1=NCCN1)C1CCCC1)C(=O)c1ccccc1,1
QFQYOGZRSSOJCN-UHFFFAOYSA-N,O=C(O)CCC(=O)c1ccc(-n2cc3ccccc3n2)cc1,0
MQQAYMHKAVHXHM-UHFFFAOYSA-N,CC(=O)CCc1ccc(-n2cc3ccccc3n2)cc1,0
APVBOPWEQGIKPO-UHFFFAOYSA-N,CC(C(=O)NO)c1ccc(-n2cc3ccccc3n2)cc1,0
GPGHTXSOXYITSX-UHFFFAOYSA-N,CC(C(N)=O)c1ccc(-n2cc3ccccc3n2)cc1,0
OWMPQPNJFWRDRH-UHFFFAOYSA-N,Fc1cccc(-n2cc3ccccc3n2)c1,0
XOMWRLPGRHGMLM-UHFFFAOYSA-N,Fc1ccccc1-n1cc2ccccc2n1,0
JNQANLFHMOCZAS-UHFFFAOYSA-N,COc1cccc(-n2cc3ccccc3n2)c1,0
OLPARULXFXIQHB-UHFFFAOYSA-N,Ic1ccc(-n2cc3ccccc3n2)cc1,0
IETRONPRJQXZBZ-UHFFFAOYSA-N,N#Cc1cccc(-n2cc3ccccc3n2)c1,0
PGPLPWPELYKDAP-UHFFFAOYSA-N,Cc1cc(Nc2nc(C)ccc2S)nc(N)n1,1
KVXYRSBKCWQAQT-UHFFFAOYSA-N,Cc1ccc(S)c(Nc2cc(N)nc(N)n2)n1,1
XSRFCTOUTHFGIL-UHFFFAOYSA-N,Cc1ccc(S)c(Nc2cc(Cl)nc(Cl)n2)n1,1
VFDXJOUOYOTEFU-UHFFFAOYSA-N,CSc1nc(N)cc(Nc2nc(C)ccc2S)n1,1
YKCQIBMPZWYMNV-UHFFFAOYSA-N,Cc1ccc(S)c(Nc2cc(Cl)nc(N)n2)n1,1
OUDPGYKBERHYDG-UHFFFAOYSA-N,O=c1[nH]cc([N+](=O)[O-])c(=O)n1CCNP(=S)(NCCn1c(=O)[nH]cc([N+](=O)[O-])c1=O)NCCn1c(=O)[nH]cc([N+](=O)[O-])c1=O,0
PGVOQVAJAASJMD-UHFFFAOYSA-N,Cc1cc(C)c2c(C)cc(=O)oc2c1S(=O)(=O)NC(=O)NN=C(c1ccccc1)c1ccccc1,0
ZZDKNUGZABTCAQ-UHFFFAOYSA-N,O=C(C1=NN(c2nncs2)C(C(=O)c2ccccc2)=NN1c1nncs1)c1ccccc1,1
RANAUHJCXFNKJF-UHFFFAOYSA-N,Cc1nnc(N2N=C(C(=O)c3ccccc3)N(c3nnc(C)s3)N=C2C(=O)c2ccccc2)s1,1
LJCBHTSLTDXRDO-UHFFFAOYSA-N,CCc1nnc(N2N=C(C(=O)c3ccccc3)N(c3nnc(CC)s3)N=C2C(=O)c2ccccc2)s1,1
KGANFGWYBFXPCY-UHFFFAOYSA-N,CCCc1nnc(N2N=C(C(=O)c3ccccc3)N(c3nnc(CCC)s3)N=C2C(=O)c2ccccc2)s1,0
WKQGORHVDYTJFB-UHFFFAOYSA-N,CN1C(c2ccccc2O)=NCC1c1ccccc1,1
GDYUXMHMMKIJBG-UHFFFAOYSA-N,CN1C(c2ccncc2)=NCC1c1ccccc1,1
PDSMGQPHKSYHJY-UHFFFAOYSA-N,CCN1C(c2ccncc2)=NCC1c1ccccc1,1
OCXTVWJUYSPTQW-UHFFFAOYSA-N,CCCN1C(c2ccncc2)=NCC1c1ccccc1,1
PYPPISZIYTWBLF-UHFFFAOYSA-N,CC(C)N1C(c2ccncc2)=NCC1c1ccccc1,1
OKHBMCHTIXFPOE-UHFFFAOYSA-N,COc1ccc2c(=O)c(C)c(-c3ccc(F)cc3)oc2c1CN(C)C,1
BMZNWXXQDLWOCN-UHFFFAOYSA-N,CCN(CC)Cc1c(OC)ccc2c(=O)c(C)c(-c3ccc(F)cc3)oc12,1
UEWGMFWSPRBISG-UHFFFAOYSA-N,COc1ccc2c(=O)c(C)c(-c3ccc(F)cc3)oc2c1CN1CCCC1,1
DCJJYIMYIJXFPT-UHFFFAOYSA-N,COc1ccc2c(=O)c(C)c(-c3ccc(F)cc3)oc2c1CN1CCCCC1,1
SLACVLUCWZYDAK-UHFFFAOYSA-N,COc1ccc2c(=O)c(C)c(-c3ccc(Cl)cc3)oc2c1CN(C)C,1
LWLNYRLTTRMKJI-UHFFFAOYSA-N,CCN(CC)Cc1c(OC)ccc2c(=O)c(C)c(-c3ccc(Cl)cc3)oc12,1
QTHOHQGKFKGDKD-UHFFFAOYSA-N,COc1ccc2c(=O)c(C)c(-c3ccc(Cl)cc3)oc2c1CN1CCCC1,1
XMKKVRWFDSORCV-UHFFFAOYSA-N,COc1ccc2c(=O)c(C)c(-c3ccc(Cl)cc3)oc2c1CN1CCCCC1,0
LTRHQEBFWROVEA-UHFFFAOYSA-N,Cc1cc(-n2cnc3ccccc3c2=O)on1,1
OBKNRVAXTAVHHJ-UHFFFAOYSA-N,Cc1cc(-n2c(C)nc3ccccc3c2=O)on1,1
HEODOZQRFGSFLN-UHFFFAOYSA-N,CCc1nc2ccccc2c(=O)n1-c1cc(C)no1,1
MGALUEYSHLIDFY-UHFFFAOYSA-N,Cc1cc(-n2c(-c3ccccc3)nc3ccccc3c2=O)on1,1
VLEFLMFXKHSAPP-UHFFFAOYSA-N,Cc1nc2cccnc2c(=O)n1-c1ccc(Cl)cc1Cl,1
NCUCGYYHUFIYNU-UHFFFAOYSA-N,COC(=O)C1=C(C)NC(C)=C(C(=O)OCC(C)=O)C1c1ccccc1[N+](=O)[O-],1
DWHFWWIHSPHMMJ-UHFFFAOYSA-N,O=[N+]([O-])c1ccc([N+](=O)[O-])c(O[Si]23OCCN(CCO2)CCO3)c1,0
AGGOHDPKTBLZPA-UHFFFAOYSA-N,Cc1ccc(-c2cn3c4c(=O)n(C)c(=O)n(C)c4nc3n2-c2ccc(C)cc2)cc1,0
QVWSPHUHEBKDGB-UHFFFAOYSA-N,CCOc1ccc(-n2c(-c3ccc(OC)cc3)cn3c4c(=O)n(C)c(=O)n(C)c4nc23)cc1,0
AQYMTXFJRXPNCV-UHFFFAOYSA-N,CCc1ccc(-c2cn3c4c(=O)n(C)c(=O)n(C)c4nc3n2-c2ccc(OC)cc2)cc1,1
WEBRPBGVDGCQFO-UHFFFAOYSA-N,COc1ccc(-c2cn3c4c(=O)n(C)c(=O)n(C)c4nc3n2-c2ccc(OC)cc2)cc1,1
FCMYGUDSBVUMFK-UHFFFAOYSA-N,Cc1ccc(-c2cn3c4c(=O)n(C)c(=O)n(C)c4nc3n2-c2ccccc2)cc1,0
AWIGUZKVXQXREY-UHFFFAOYSA-N,CCc1ccc(C(=O)Cn2c(Br)nc3c2c(=O)n(C)c(=O)n3C)cc1,0
SQSYEEJQSVKUJX-UHFFFAOYSA-N,COc1ccc(C(=O)Cn2c(N3CCCCC3)nc3c2c(=O)n(C)c(=O)n3C)cc1,0
MVZXMWYBZYFGGX-UHFFFAOYSA-N,Cc1ccc(C(=O)Cn2c(N3CCCCC3)nc3c2c(=O)n(C)c(=O)n3C)cc1,0
OKTQRNQIMWQEIE-UHFFFAOYSA-N,CCCCn1c(-c2ccc(CC)cc2)cn2c3c(=O)n(C)c(=O)n(C)c3nc12,0
UOIXOULRLFEMRX-UHFFFAOYSA-N,COc1ccc(-n2c(-c3ccc(C)cc3)cn3c4c(=O)n(C)c(=O)n(C)c4nc23)cc1,0
QGNLFUPTMSIMCI-UHFFFAOYSA-N,Cc1ccc(-c2cn3c4c(=O)n(C)c(=O)n(C)c4nc3n2C2CCCCC2)cc1,0
FXTLRGMRNKZUDG-UHFFFAOYSA-N,Cc1ccc(-c2cn3c4c(=O)n(C)c(=O)n(C)c4nc3n2CCCO)cc1,1
KDICPVVWHKVHMD-UHFFFAOYSA-N,Cc1ccc(-c2cn3c4c(=O)n(C)c(=O)n(C)c4nc3n2C)cc1,1
AEARQJCHWZHBBF-UHFFFAOYSA-N,CCCCn1c(-c2ccc(OC)cc2)cn2c3c(=O)n(C)c(=O)n(C)c3nc12,1
DBFBJAOYCKXCKL-UHFFFAOYSA-N,CCc1ccc(-c2cn3c4c(=O)n(C)c(=O)n(C)c4nc3n2-c2ccccc2)cc1,0
LPQAFDPPUSGTOU-UHFFFAOYSA-N,CCc1ccc(-c2cn3c4c(=O)n(C)c(=O)n(C)c4nc3n2C2CCCCC2)cc1,0
LJHJNYLZPMBAJJ-UHFFFAOYSA-N,Cc1ccc(-c2cn3c4c(=O)n(C)c(=O)n(C)c4nc3n2CCO)cc1,1
LORAXKJAKZQOEB-UHFFFAOYSA-N,CCCCn1c(-c2ccc(C)cc2)cn2c3c(=O)n(C)c(=O)n(C)c3nc12,1
VVBNSRFXJMAVFH-UHFFFAOYSA-N,Cn1c2cn[nH]c2c(=O)n1-c1ccccc1,1
BLLXTBNWDOCPMP-UHFFFAOYSA-N,CN(CCBr)Cc1cccc2ccccc12,1
AKXXWMXQMAFEIQ-UHFFFAOYSA-N,CN(CCCl)Cc1cccc2ccccc12,1
HGUXZHVJYFLHBK-UHFFFAOYSA-N,CCN(CCI)Cc1cccc2ccccc12,1
SYCKBBYMITZMEY-UHFFFAOYSA-N,CN(CCI)Cc1cccc2ccccc12,1
XIROWYXRKYJPMU-UHFFFAOYSA-N,CCN(CC)CCOC(=O)C=C(c1ccccc1)c1ccccc1,0
QOKOFSWPBFMPCP-UHFFFAOYSA-N,CCCCN(CCCC)CCOc1ccnc(N)n1,1
WGNULDMOVQJCAF-UHFFFAOYSA-N,CCN(CC)CCOc1ccnc(N)n1,1
PCQHIQNBBCVCED-UHFFFAOYSA-N,CC(C)CN(CCOc1ccnc(N)n1)CC(C)C,0
DJPLUEGVLBIDTL-UHFFFAOYSA-N,CN(C)CCOc1ccnc(N)n1,1
YVFCLTQSCDHABA-UHFFFAOYSA-N,CN(C)CCN(Cc1ccccc1)c1cccc2ccccc12,1
BECBKJSFVHDWON-UHFFFAOYSA-N,COc1ccc(CN(CCN(C)C)c2ncnc3ccccc23)cc1,1
WWQDEXGFYVSTCX-UHFFFAOYSA-N,COc1cc2c(cc1OC)C(c1ccc(N)cc1)=NN=C(C)C2,1
WXSKYCBOEIMMSZ-UHFFFAOYSA-N,CCN(CC)CCN(Cc1ccc(Br)cc1)c1ncnc2ccccc12,1
XBBLULRFZKRHJJ-UHFFFAOYSA-N,CN(C)CCN(Cc1ccc(Br)cc1)c1ncnc2ccccc12,1
KNMGPZACGXLJNY-UHFFFAOYSA-N,CN(C)CCN(Cc1ccc(Cl)cc1)c1ncnc2ccccc12,1
DYLSYXQQYNVBGP-UHFFFAOYSA-N,Cc1nn2c(=O)c3cc(-c4ccccc4)sc3nc2s1,0
LRGZCUXOVPKWBX-UHFFFAOYSA-N,CCSc1nn2c(=O)c3cc(-c4ccccc4)sc3nc2s1,0
ZJENAUVDXNVXPT-UHFFFAOYSA-N,O=c1c2cc(-c3ccccc3)sc2nc2sc(-c3ccccc3)nn12,0
ZQBIDYGGTYFKTA-UHFFFAOYSA-N,CCOc1ccccc1-c1nn2c(=O)c3cc(-c4ccccc4)sc3nc2s1,0
KDCRROITEJFWGG-UHFFFAOYSA-N,CCc1nn2c(=O)c3cc(-c4ccccc4)sc3nc2s1,0
DORIULUFMTVNRN-UHFFFAOYSA-N,COc1ccccc1NCc1nnc(-n2c(CNc3ccccc3OC)nc3ccccc3c2=O)s1,0
CWDSWKNYBILLOO-UHFFFAOYSA-N,COc1cc(C(=O)NN2CCCCCC2)cc(OC)c1OC,1
WDSFIEHSIYCKJY-UHFFFAOYSA-N,O=C1CN2CCO[Si](c3cccc(F)c3)(OCC2)O1,0
PTLPCSHTIPJFNT-UHFFFAOYSA-N,Nc1nc(N)nc(-c2cc(Cl)c(O)cc2Cl)n1,0
MPWGRKDSNIJXKF-UHFFFAOYSA-N,CC(C)(C)OC(=O)N1C(C(=O)ON2C(=O)CCC2=O)CSC1c1ccccc1,1
MPRRUVJPEMVHGI-UHFFFAOYSA-N,CC(C)(C)OC(=O)N1C(C(N)=O)CSC1c1ccccc1,0
IBGNUKUQXVCZDX-UHFFFAOYSA-N,CC(C)(C)OC(=O)N1C(CO)CSC1c1ccccc1,1
UWCWPJZIKQCZIM-UHFFFAOYSA-N,OC(c1ccc(Cl)cc1)C1CCCCC1,0
RHUTWJWSJDQFJV-UHFFFAOYSA-N,CNC(=O)c1c(-c2ccccc2)nc2ccccc2c1NC,1
AIYRPJAODKMYNK-UHFFFAOYSA-N,CNc1c(C(=O)NCCN(C)C)c(-c2ccccc2)nc2ccccc12,1
YTYVTKCQMKVSKP-UHFFFAOYSA-N,CNc1c(C(=O)N(C)C)c(-c2ccccc2)nc2ccccc12,1
LZDYZEGISBDSDP-UHFFFAOYSA-N,CC[N+]1(CCO)CC1,1
QOCNEUDCWUXMDO-UHFFFAOYSA-N,NS(=O)(=O)c1ccc(C(=O)c2ccc(S(N)(=O)=O)s2)s1,0
ZKQMKFUGFPVGKQ-UHFFFAOYSA-N,Cc1cc(N(CCN(C)C)Cc2ccc(Br)cc2)ncn1,1
HMHUEEIZRJFBMS-UHFFFAOYSA-N,Cc1ccnc(N(CCN(C)C)Cc2ccc(Br)cc2)n1,1
YSQHRUDCGQECDO-UHFFFAOYSA-N,COc1ccc(CN(CCN(C)C)c2nccc(C)n2)cc1,1
KRYJVWZACSKCCX-UHFFFAOYSA-N,CC1=NNc2nc3ccccc3c(C)c2C(c2ccccc2)=C1,1
MMTPTWSDDDQENN-UHFFFAOYSA-N,O=C(CCN1CCCCC1)N1CCN(C(=O)N(c2ccccc2)c2ccccc2)CC1,1
HCNBSTKPPBYTEU-UHFFFAOYSA-N,O=C(CCN1CCCCC1)N1C=CN(C(O)(Cc2ccccc2)N2CCCCC2)CC1,1
KWNAOVXAOOUNSF-UHFFFAOYSA-N,CCN(CC)CCN(Cc1ccccc1)c1cc(C)ncn1,1
CYXITJLQPXDADH-UHFFFAOYSA-N,CCN(CC)CCN(Cc1ccccc1)c1nccc(C)n1,1
SLIYYFPXKZQDOB-UHFFFAOYSA-N,CCN(CC)CCN(Cc1ccc(Br)cc1)c1cc(C)ncn1,1
RPCNQXWYZGPURH-UHFFFAOYSA-N,CCN(CC)CCN(Cc1ccc(Br)cc1)c1nccc(C)n1,1
OXUFCACUBJBFEZ-UHFFFAOYSA-N,Cc1nn2c(=O)c3sc4ccccc4c3nc2s1,0
YZDAYRRCXUPPQK-UHFFFAOYSA-N,CCc1nn2c(=O)c3sc4ccccc4c3nc2s1,0
RLRWRRFCXDUANC-UHFFFAOYSA-N,CSc1nn2c(=O)c3sc4ccccc4c3nc2s1,0
CSQVMIWQCOYLRF-UHFFFAOYSA-N,CCSc1nn2c(=O)c3sc4ccccc4c3nc2s1,0
UOHQFRHRRKHEAD-UHFFFAOYSA-N,O=c1c2sc3ccccc3c2nc2sc(-c3ccccc3)nn12,0
SWUJPXJEPXCGSZ-UHFFFAOYSA-N,CCOc1ccccc1-c1nn2c(=O)c3sc4ccccc4c3nc2s1,0
KEHPKMSBRCDRJX-UHFFFAOYSA-N,CSc1nn2c(=O)c3c(nc2s1)sc1ccccc13,0
UZISPEOQZIVWNI-UHFFFAOYSA-N,O=c1c2c(nc3sc(-c4ccccc4)nn13)sc1ccccc12,0
KHSUXGOZCUNFJC-UHFFFAOYSA-N,c1ccc2c(N3CCOCC3)c3ccccc3nc2c1,1
AKDPCGCMRFVITH-UHFFFAOYSA-N,Clc1cc(Cl)c2nc3c(c(N4CCOCC4)c2c1)CCCCC3,0
ONYAHIBWAGPFSO-UHFFFAOYSA-N,Cn1c(SCCO)nc2c1c(=O)[nH]c(=O)n2C,1
DRGLGHROIXXODS-UHFFFAOYSA-N,CCOC(=O)c1ccc(NCP(=O)(OCC)OCC)cc1,1
XCZPKXSAYJHEMB-UHFFFAOYSA-N,CCCOP(=O)(CNc1ccc(C(=O)OCC)cc1)OCCC,0
QHMWCHQXCUNUAK-UHFFFAOYSA-N,Fc1ccc(C(c2ccccc2)(c2ccccc2F)n2ccnc2)cc1,0
BOOGSGUHOOWQBH-UHFFFAOYSA-N,CN(CCNCc1cc(C(C)(C)C)cc(Br)c1O)CCNC(=O)c1nc(Cl)c(N)nc1N,1
KNPPRQOIIIFEHH-UHFFFAOYSA-N,CCN1CCC(=O)Nc2ccccc21,1
SANQWJYRNLJHJX-UHFFFAOYSA-N,CC1CN(C)c2ccccc2N(C)C1=O,1
PGSNYMCFRAWSSR-UHFFFAOYSA-N,CCOC(=O)c1sc2nc3sc(-c4ccccc4)cc3c(=O)n2c1C,0
XYFHGDKUADOTQF-UHFFFAOYSA-N,O=c1c2cc(-c3ccccc3)sc2nc2scc(-c3ccc(Br)cc3)n12,0
CELJJXKDPYDABZ-UHFFFAOYSA-N,CCOC(=O)c1sc2nc3sc4ccccc4c3c(=O)n2c1C,0
VIDLVLXEIARFMI-UHFFFAOYSA-N,CCOC(=O)c1sc2nc3sc4c(c3c(=O)n2c1C)CCCC4,0
JTVAQQMXXVWXOV-UHFFFAOYSA-N,CCOC(=O)c1sc2nc3cc(-c4ccccc4)sc3c(=O)n2c1C,0
ZVVXFBCMYPLSSK-UHFFFAOYSA-N,CCOC(=O)c1sc2nc3cc(-c4ccc(Cl)cc4)sc3c(=O)n2c1C,0
KMWJFQFMOXNRLU-UHFFFAOYSA-N,CCOC(=O)c1sc2nc3c(sc4ccccc43)c(=O)n2c1C,0
XJZWTKQAXXGUCF-UHFFFAOYSA-N,CN(C)CCCn1ncc2c(c1=O)Nc1ccccc1S2(=O)=O,0
SOZNVTIUHYQGON-UHFFFAOYSA-N,Cc1cc(-n2c(C)nc3cc(Cl)ccc3c2=O)on1,1
ZWXZLASMPATDCC-UHFFFAOYSA-N,Cc1nnc(N2C(=O)C(C)C(c3ccccc3)C2=O)s1,0
QRRPBXKEUAHZHJ-UHFFFAOYSA-N,CCc1nnc(N2C(=O)CC(c3ccccc3)C2=O)s1,0
RKYBHVSUGDDORZ-UHFFFAOYSA-N,CCCc1nnc(N2C(=O)CC(c3ccc(Cl)cc3)C2=O)s1,1
QORLRBNVAYNJSS-UHFFFAOYSA-N,CCCc1nnc(N2C(=O)CC(c3ccccc3)(c3ccccc3)C2=O)s1,0
AAQHKLOKUPVTJI-UHFFFAOYSA-N,O=C1CC(c2ccccc2)C(=O)N1C1CCCCC1,0
MCUKORKSQMMROT-UHFFFAOYSA-N,O=C1CC(c2ccc(Cl)cc2)C(=O)N1C1CCCCC1,0
INBBSMREHJIPBM-UHFFFAOYSA-N,O=C1CC(c2ccccc2Cl)C(=O)N1C1CCCCC1,0
OBBCRROUKFAFCR-UHFFFAOYSA-N,Cc1ncc2c(=O)n(CCCN3CCN(c4cccc(Cl)c4)CC3)c(=S)n(-c3ccccc3)c2n1,0
GUZZSOKLLWQGEL-UHFFFAOYSA-N,Cc1ncc2c(=O)n(CCCN3CCN(c4ncccn4)CC3)c(=S)n(-c3ccccc3)c2n1,0
CWFUDZIFTIHTPE-UHFFFAOYSA-N,Cc1ncc2c(=O)n(CCCN3CCN(c4nccs4)CC3)c(=S)n(-c3ccccc3)c2n1,0
AXCVDDMKLXLCRV-UHFFFAOYSA-N,Cc1ncc2c(=O)nc(SCCCN3CCN(c4ccccc4)CC3)n(-c3ccccc3)c2n1,0
KOWSFINNXNJZGX-UHFFFAOYSA-N,Cc1ncc2c(=O)nc(SCCCN3CCN(c4cccc(Cl)c4)CC3)n(-c3ccccc3)c2n1,0
ZBEAMZVHGCJXAK-UHFFFAOYSA-N,Cc1ncc2c(=O)nc(SCCCN3CCN(c4nccs4)CC3)n(-c3ccccc3)c2n1,0
QZRRXTLVABJLGL-UHFFFAOYSA-N,CC(=O)N(C(C)=O)c1ccc(C2=NN(C(C)=O)C(C)Cc3cc4c(cc32)OCO4)cc1,1
KXSOVXOKIJTMIP-UHFFFAOYSA-N,CCC(=O)Nc1ccc(C2=NN(C(=O)CC)C(C)Cc3cc4c(cc32)OCO4)cc1,1
MDXZLKBLGBTWIR-UHFFFAOYSA-N,CC(=O)N1N=C(c2ccc(NC=O)cc2)c2cc3c(cc2CC1C)OCO3,1
JLAHAVHKKNXOJO-UHFFFAOYSA-N,CCC(=O)Nc1ccc(C2=NN(C(C)=O)C(C)Cc3cc4c(cc32)OCO4)cc1,1
QCXGBQVOPCRLKK-UHFFFAOYSA-N,COCC(=O)Nc1ccc(C2=NN(C(C)=O)C(C)Cc3cc4c(cc32)OCO4)cc1,1
AKIXUHGYYKCAAZ-UHFFFAOYSA-N,CC(=O)N1N=C(c2ccc(NC(=O)C(F)(F)F)cc2)c2cc3c(cc2CC1C)OCO3,1
MLMOSKRXUXVKAM-UHFFFAOYSA-N,CC1=NN=C(c2ccc(NC(=O)CN)cc2)c2cc3c(cc2C1)OCO3,1
KXYYPZFSVRXWHU-UHFFFAOYSA-N,CNC(=O)N1N=C(c2ccc(NC(=O)CN)cc2)c2cc3c(cc2CC1C)OCO3,1
RNJAHAXIBIIAHU-UHFFFAOYSA-N,CC(=O)Nc1ccc(C2=NN(C(C)=O)C(C)Cc3cc4c(cc32)OCO4)cc1,1
MEOJIIAGPAAPPQ-UHFFFAOYSA-N,Cc1cc(-n2cnc3cc(Cl)ccc3c2=O)on1,1
NJTVXZZJDSMNBU-UHFFFAOYSA-N,CCc1nc2cc(Cl)ccc2c(=O)n1-c1cc(C)no1,1
SDVVRTTUCCDFPY-UHFFFAOYSA-N,Cc1cc(-n2c(-c3ccccc3)nc3cc(Cl)ccc3c2=O)on1,1
PXNBZIOAOHXQIM-UHFFFAOYSA-N,Cc1cc(-n2cnc3ccc(Cl)cc3c2=O)on1,1
OXUDGTKLBHCIGJ-UHFFFAOYSA-N,Cc1cc(-n2c(C)nc3ccc(Cl)cc3c2=O)on1,1
KRLKLFBKSMWWEG-UHFFFAOYSA-N,CCc1nc2ccc(Cl)cc2c(=O)n1-c1cc(C)no1,1
BSRWXZSURLIMPX-UHFFFAOYSA-N,Cc1cc(-n2c(-c3ccccc3)nc3ccc(Cl)cc3c2=O)on1,1
RVDRBCRQZZVMED-UHFFFAOYSA-N,Cc1ccc2ncn(-c3cc(C)no3)c(=O)c2c1,1
DBJKQJYMHQIADO-UHFFFAOYSA-N,Cc1ccc2nc(C)n(-c3cc(C)no3)c(=O)c2c1,1
BXEBEQFVHXXESU-UHFFFAOYSA-N,CCc1nc2ccc(C)cc2c(=O)n1-c1cc(C)no1,1
XPUYAYSLKIYNRN-UHFFFAOYSA-N,Cc1ccc2nc(-c3ccccc3)n(-c3cc(C)no3)c(=O)c2c1,1
BJEDFOOIYKSMAL-UHFFFAOYSA-N,Cc1ccc2c(=O)n(-c3cc(C)no3)c(C)nc2c1,1
OXGKZBKNBSOLNV-UHFFFAOYSA-N,CCc1nc2cc(C)ccc2c(=O)n1-c1cc(C)no1,1
KRBCEEPIMJHBQD-UHFFFAOYSA-N,Cc1ccc2c(=O)n(-c3cc(C)no3)c(-c3ccccc3)nc2c1,1
UORGKWWJEQDTGX-UHFFFAOYSA-N,CCN(CC)CCNC(=O)COc1ccc(Cl)cc1,1
PJDRMPCBIWKBJA-UHFFFAOYSA-N,COc1ccc(CCN2CCN(c3ccccc3Cl)CC2)cc1OC,1
GPXKMNIDKFNKIO-UHFFFAOYSA-N,COc1ccc(CCN2CCN(c3ccccc3F)CC2)cc1OC,1
LIUJZMKSXPPCOK-UHFFFAOYSA-N,COc1ccc(CCN2CCN(c3cccc(C)c3)CC2)cc1OC,1
GCGODUUFDGHBLN-UHFFFAOYSA-N,COc1ccc(CCN2CCN(c3ccccc3OC)CC2)cc1OC,1
BYMBDGPPXTZZOX-UHFFFAOYSA-N,COc1ccc(CCN2CCN(c3ccc(C)cc3C)CC2)cc1OC,1
SCFJEEHEJDXZPX-UHFFFAOYSA-N,COc1ccc(CCN2CCN(c3ccc(Cl)cc3Cl)CC2)cc1OC,1
YQCXMDOKROYEFC-UHFFFAOYSA-N,COc1ccc(CCN2CCN(c3cc(Cl)ccc3Cl)CC2)cc1OC,1
AFOWQUDKVGJYGP-UHFFFAOYSA-N,COc1ccc(CCN2CCN(c3ccccc3[N+](=O)[O-])CC2)cc1OC,1
NSQCHSZFXOYJID-UHFFFAOYSA-N,CCOc1ccccc1N1CCN(CCc2ccc(OC)c(OC)c2)CC1,1
JTSYZEMBBZSXBR-UHFFFAOYSA-N,COc1ccc(CCN2CCN(c3ccccc3NC(C)=O)CC2)cc1OC,1
WCVPFJVXEXJFLB-UHFFFAOYSA-N,NCCCC(N)=O,0
IXMAJNIDZSUZTI-UHFFFAOYSA-N,c1ccc(-c2nc3ccccn3c2CN2CCOCC2)cc1,1
TVHRIUZAQLKZLC-UHFFFAOYSA-N,CSc1ccc(-c2nc3ccccn3c2CN2CCN(CCO)CC2)cc1,1
SFCAJVLMRPMFBW-UHFFFAOYSA-N,CC(C)NNC(=O)CCCO,0
ODCWAALEHCNIBY-UHFFFAOYSA-N,CCN(CCO)CCCl,1
IGIRIITWQIFRAW-UHFFFAOYSA-N,C=CCN1C(=O)NC(=O)C(CC)(CC)C1=O,1
QIVHQZNEFYWQJH-UHFFFAOYSA-N,Cc1cc(C)n(-c2nc3ccccc3s2)n1,0
GHQGBVSKUDECJR-UHFFFAOYSA-N,CCOc1ccc(NC(=O)c2c(C)nsc2NC(=O)c2ccccc2)cc1,1
OMRAPVPZNVLTSF-UHFFFAOYSA-N,NC(=O)OCC1(COC(N)=O)CCCC1,0
XRSWPYZJJLNMNK-UHFFFAOYSA-N,Nc1nnc(-c2ccccn2)s1,1
SMPOXMYVWIXCMT-UHFFFAOYSA-N,COc1c(O)ccc2c1N(CCCN(C)C)c1cc(Cl)ccc1S2,1
HFLMYYLFSNEOOT-UHFFFAOYSA-N,COC(=O)CC(=O)CCl,1
YPTFHLJNWSJXKG-UHFFFAOYSA-N,CCOc1cc(OCC)c(C(=O)CCC(=O)O)cc1OCC,0
NYYKWXVQCFNVMM-UHFFFAOYSA-N,COC(=O)C1=C(C)NC(C)=C(C(=O)OC)C1c1ccco1,0
GBBSUAFBMRNDJC-UHFFFAOYSA-N,CN1CCN(C(=O)OC2c3nccnc3C(=O)N2c2ccc(Cl)cn2)CC1,0
FFAADXOKPZHULO-UHFFFAOYSA-N,CC(C)C(O)=S,0
OBYJTLDIQBWBHM-UHFFFAOYSA-N,Nc1cccc(Cl)n1,1
OBNUTEJYDRDZQQ-UHFFFAOYSA-N,CC(=O)Nc1ccc(OCC(O)C(C)O)cc1,0
FOIIJWYEDSCAHL-UHFFFAOYSA-N,O=C(CI)OCCO,1
XLPXBJYNYXPQAO-UHFFFAOYSA-N,O=c1[nH]oc2ccc(Br)cc12,1
CEACCJICDCYLEK-UHFFFAOYSA-N,CCN(CC)Cc1c(OC)ccc2c(=O)c(C)c(-c3ccccc3)oc12,1
LZNXOMGYKNRPPV-UHFFFAOYSA-N,COc1ccc2c(=O)c(C)c(-c3ccccc3)oc2c1CN1CCOCC1,1
FVNJVRHWAQUWMJ-UHFFFAOYSA-N,COc1ccc2c(=O)c(C)c(-c3ccccc3)oc2c1CN1CCCCC1,1
ASFQATAUKWCPMA-UHFFFAOYSA-N,O=C1CC(c2ccc(OCOc3ccc(C4CC(=O)NC4=O)cc3)cc2)C(=O)N1,0
DTZNBROGJUJPGX-UHFFFAOYSA-N,O=C1CC(c2ccc(OCCOc3ccc(C4CC(=O)NC4=O)cc3)cc2)C(=O)N1,0
JFRADCVGQVHAHW-UHFFFAOYSA-N,O=C1CC(c2ccc(OCCCCOc3ccc(C4CC(=O)NC4=O)cc3)cc2)C(=O)N1,0
AWTCEAFSXKGJBX-UHFFFAOYSA-N,O=C1CC(c2ccc(OCCCCCOc3ccc(C4CC(=O)NC4=O)cc3)cc2)C(=O)N1,0
CUOGGHGQUZPYMN-UHFFFAOYSA-N,O=C1CC(c2ccc(OCCCCCCOc3ccc(C4CC(=O)NC4=O)cc3)cc2)C(=O)N1,0
CWUSQJVETOQIJN-UHFFFAOYSA-N,O=C1CC(c2ccc(OCCCCCCCOc3ccc(C4CC(=O)NC4=O)cc3)cc2)C(=O)N1,0
RSDLTRYZMRTUDB-UHFFFAOYSA-N,O=C1CC(c2ccc(OCCCCCCCCOc3ccc(C4CC(=O)NC4=O)cc3)cc2)C(=O)N1,0
JTDHKPVMQWGSFA-UHFFFAOYSA-N,O=C1CC(c2ccc(OCCCCCCCCCOc3ccc(C4CC(=O)NC4=O)cc3)cc2)C(=O)N1,0
KXXXNMOQLJTRBI-UHFFFAOYSA-N,O=C1CC(c2ccc(OCCCCCCCCCCOc3ccc(C4CC(=O)NC4=O)cc3)cc2)C(=O)N1,0
RBGBPGNEPQFOSM-UHFFFAOYSA-N,O=C(OCCN1CC=CSCC1)C(Oc1ccc(Cl)cc1)Oc1ccc(Cl)cc1,0
IXLXRIJNQHEHFX-UHFFFAOYSA-N,CCO[Si](OCC)(OCC)C(C)N1CCCC1=O,0
VPHPQNGOVQYUMG-UHFFFAOYSA-N,COc1cccc(N(C)C(=S)Oc2ccc3c(c2)CCCC3)n1,0
VAOLJLPRXNBMDI-UHFFFAOYSA-N,CSc1nccc(=O)n1-c1ccccc1C(F)(F)F,1
WGEMYMCGGYWLQB-UHFFFAOYSA-N,Cc1sc(S(N)(=O)=O)cc1S(N)(=O)=O,0
AMSVINIKSJSDEH-UHFFFAOYSA-N,CN1CCN=C(c2ccccc2O)C=C1C(=O)O,1
GDHMBNWVLWMONW-UHFFFAOYSA-N,O=c1nc(CCl)[nH]c2sc3c(c12)CCCC3,1
CKEIQUPFORBNCK-UHFFFAOYSA-N,N#CCCCNCCCC#N,1
KWWDBLNKFRFBAP-UHFFFAOYSA-N,CC1CCCC(C)N1CCCOC(=O)c1ccccc1,1
JSHGPSPCRYXWPN-UHFFFAOYSA-N,C=CCc1ccc(OC(C)(C)C(=O)NCCN(C)C)c(OC)c1,1
QHUUWSJWYYHBSE-UHFFFAOYSA-N,CCOc1ccc2c(c1)nnn2CCO,1
RZOSCHRJNRQVNG-UHFFFAOYSA-N,COc1cc2nnn(CCO)c2cc1[N+](=O)[O-],1
WTOVRSWDBLIFHU-UHFFFAOYSA-N,COC(=O)C1=C(C)NC(COC(N)=O)=C(C(=O)OC(C)C)C1c1cccc(Cl)c1Cl,1
ULVZMPMKJMHCGH-UHFFFAOYSA-N,C=CCc1ccc(OC(C)(C)C(=O)NCCN(CC)CC)c(OC)c1,1
IVDZJIMVSWUCIM-UHFFFAOYSA-N,C=CCc1ccc(OC(C)(C)C(=O)NCCCN(CC)CC)c(OC)c1,1
ASKMDBGIFPVKJJ-UHFFFAOYSA-N,C=CCc1ccc(OC(C)(C)C(=O)NCCCN(C)C)c(OC)c1,1
YYLKMMPLIIOMLQ-UHFFFAOYSA-N,O=C1CC(O)CC2C3CCCN4CCCC(CN12)C34,0
BJRGPHUGHNOFHY-UHFFFAOYSA-N,Cn1ncc2c(=O)n3ccsc3nc21,1
SUIKOQQKAJOJIZ-UHFFFAOYSA-N,O=c1c2cn[nH]c2nc2sccn12,1
XNIFRFGBXNTKSI-UHFFFAOYSA-N,Cc1csc2nc3[nH]ncc3c(=O)n12,1
CKSHJSWOXJXFPI-UHFFFAOYSA-N,O=c1c2cn[nH]c2nc2scc(-c3ccccc3)n12,1
SZUOUFXDFQIXDE-UHFFFAOYSA-N,O=c1c2cn[nH]c2nc2scc(-c3ccc(Cl)cc3)n12,1
XHIMTGRYHIHMSD-UHFFFAOYSA-N,O=c1c2cn[nH]c2nc2scc(-c3ccc(Br)cc3)n12,1
LRXVPFNDGKGVKW-UHFFFAOYSA-N,O=c1c2cn[nH]c2nc2scc(-c3ccc(F)cc3)n12,1
KDJJGKBRJJVJKD-UHFFFAOYSA-N,Cc1csc2nc3c(cnn3C)c(=O)n12,1
AKVOIQHFRCVCAF-UHFFFAOYSA-N,Cn1ncc2c(=O)n3c(-c4ccccc4)csc3nc21,1
LWOSTLQAJVYLEK-UHFFFAOYSA-N,Cc1csc2nc3[nH]ncc3c(=S)n12,1
GZKLZXUNCZXJCM-UHFFFAOYSA-N,S=c1c2cn[nH]c2nc2scc(-c3ccccc3)n12,1
JJRAETHZTYXMNJ-UHFFFAOYSA-N,S=c1c2cn[nH]c2nc2scc(-c3ccc(Cl)cc3)n12,1
GCAYKNDJRBTKON-UHFFFAOYSA-N,S=c1c2cn[nH]c2nc2scc(-c3ccc(Br)cc3)n12,1
KOTHELHSWVHJIB-UHFFFAOYSA-N,Fc1ccc(-c2csc3nc4[nH]ncc4c(=S)n23)cc1,1
WVDDGKGOMKODPV-UHFFFAOYSA-N,OCc1ccccc1,0
MXXWOMGUGJBKIW-YPCIICBESA-N,O=C(/C=C/C=C/c1ccc2c(c1)OCO2)N1CCCCC1,1
ZRJBHWIHUMBLCN-YQEJDHNASA-N,C/C=C1\[C@H]2C=C(C)C[C@]1(N)c1ccc(=O)[nH]c1C2,1
RDFCSSHDJSZMTQ-ZDUSSCGKSA-N,Cc1ccc(S(=O)(=O)N[C@@H](CCCCN)C(=O)CCl)cc1,1
VUAFHZCUKUDDBC-BYPYZUCNSA-N,CC(C)(S)C(=O)N[C@@H](CS)C(=O)O,1
OROGSEYTTFOCAN-DNJOTXNNSA-N,COc1ccc2c3c1O[C@H]1[C@@H](O)C=C[C@H]4[C@@H](C2)N(C)CC[C@]314,1
IEMDOFXTVAPVLX-ADNGMUMBSA-N,CO[C@@H]1[C@@H](O[C@@H]2O[C@H](C)[C@@H](O[C@H]3C[C@@](C)(O)[C@@H](OC(=O)CC(C)C)[C@H](C)O3)[C@H](N(C)C)[C@H]2O)[C@@H](CC=O)C[C@@H](C)[C@@H](O)C=CC=CC[C@@H](C)OC(=O)C[C@H]1O,0
HRSANNODOVBCST-UHFFFAOYSA-N,CC(C)NCC(O)c1ccc2ccccc2c1,1
RFMMMVDNIPUKGG-YFKPBYRVSA-N,CC(=O)N[C@@H](CCC(=O)O)C(=O)O,0
YQKAVWCGQQXBGW-UHFFFAOYSA-N,CC1CCCCN1CCCOC(=O)c1ccccc1,0
FCKLFGKATYPJPG-SSTBVEFVSA-N,CC[C@H]1C[C@H]2[C@@H]3CCC4=CC(=O)CC[C@@H]4[C@H]3CC[C@]2(C)[C@H]1O,0
FHHHOYXPRDYHEZ-COXVUDFISA-N,CC(=O)SC[C@@H](C)C(=O)N1CCC[C@H]1C(=O)N[C@@H](Cc1ccccc1)C(=O)O,0
HKOIXWVRNLGFOR-KOFBORESSA-N,COc1ccc2c3c1O[C@H]1[C@@H](O)C=C[C@H]4[C@@H](C2)NCC[C@]314,1
BBDAGFIXKZCXAH-CCXZUQQUSA-N,N=c1ccn2c(n1)O[C@H]1[C@H](O)[C@@H](CO)O[C@H]12,0
UOCJDOLVGGIYIQ-PBFPGSCMSA-N,N[C@@H](C(=O)N[C@@H]1C(=O)N2C(C(=O)O)=C(CSc3c[nH]nn3)CS[C@H]12)c1ccc(O)cc1,0
QIVBCDIJIAJPQS-VIFPVBQESA-N,N[C@@H](Cc1c[nH]c2ccccc12)C(=O)O,0
UIKROCXWUNQSPJ-VIFPVBQESA-N,CN1C(=O)CC[C@H]1c1cccnc1,0
XUJNEKJLAYXESH-REOHCLBHSA-N,N[C@@H](CS)C(=O)O,0
XLMALTXPSGQGBX-GCJKJVERSA-N,CCC(=O)O[C@](Cc1ccccc1)(c1ccccc1)[C@H](C)CN(C)C,1
WOVKYSAHUYNSMH-RRKCRQDMSA-N,O=c1[nH]c(=O)n([C@H]2C[C@H](O)[C@@H](CO)O2)cc1Br,0
QCWSXSAFDSGKAT-YOKSUNLASA-N,COc1c(O)cc2c(c1O)[C@@H]1O[C@H](CO)[C@@H](O)[C@H](O)[C@H]1OC2=O.O,0
WLKPHJWEIIAIFW-BYPYZUCNSA-N,O=NN1CCC[C@H]1C(=O)O,1
DNIAPMSPPWPWGF-GSVOUGTGSA-N,C[C@@H](O)CO,0
CBGDIJWINPWWJW-IYSWYEEDSA-N,CC1=C2C(=CO[C@H](C)[C@H]2C)C(O)=C(C(=O)O)C1=O,1
CQOVPNPJLQNMDC-SSDOTTSWSA-N,NCCC(=O)N[C@H](Cc1cnc[nH]1)C(=O)O,0
UQLLWWBDSUHNEB-XJKSGUPXSA-N,CC(=O)OCC1=C(C(=O)O)N2C(=O)[C@H](NC(=O)CSc3ccncc3)[C@H]2SC1,0
CHYLAEHATFZYSW-YFGZFMDZSA-N,O=C(/C=C/c1ccc(O)cc1)C1=C(O)C(O)([C@@H]2O[C@H](CO)[C@@H](O)[C@H](O)[C@H]2O)C2=C(C1=O)C1OC(CO)C(O)C(O)C1O2,0
SESDXIKEYKRLJD-GDNBJRDFSA-N,Cc1ccc(N2C(=O)/C(=C/c3ccc([N+](=O)[O-])cc3)NC2=S)cc1,0
BJTJNGUKOWYPKD-YBEGLDIGSA-N,Cc1ccc(/C=C2\NC(=S)N(c3ccc(Br)cc3)C2=O)cc1C,0
PSXCGTLGGVDWFU-VKHMYHEASA-N,C[C@@H](CO[N+](=O)[O-])O[N+](=O)[O-],0
RIIDVRQLXPTZJH-WCQYABFASA-N,C=C(C)C(=O)N(C)[C@@H](C)[C@@H](O)c1ccccc1,0
HGAJMTXQDDEMCC-ZROIWOOFSA-N,COc1ccc(/C=C2\NC(=S)N(c3ccc(Br)cc3)C2=O)cc1OC,0
UNJQQZUSORSFMS-NSHDSACASA-N,O=C1CCCC[C@H]1Cc1ccc(Cl)cc1,0
IHMBFORMNABTCS-IBGZPJMESA-N,COc1cc2c(c(OC)c1OC)-c1ccc(O)c(=O)cc1[C@@H](NC(=O)c1ccccc1)CC2,0
YCVCZYLWYLPWNJ-DUEVJXGLSA-N,O=C1/C(=C\C=C\c2ccccc2)SC(=S)N1CN(CCO)CCO,0
RJGJDAZZEFKXPX-UKTHLTGXSA-N,O=C1/C(=C\c2cccc(F)c2)SC(=S)N1CN1CCOCC1,0
CSVLJZZEXDDQJF-NSHDSACASA-N,Cc1ccccc1OC[C@@](C)(O)CO,0
FPILVAHOEJISCY-UVTDQMKNSA-N,O=C1/C(=C/c2cccc([N+](=O)[O-])c2)NC(=S)N1c1ccccc1,0
YFKGNQQSCJXSDJ-GFCCVEGCSA-N,C=CCN(CC=C)C[C@@H](O)Cn1cnc2c1c(=O)n(C)c(=O)n2C,1
XDZZQMNDCFNREN-VKHMYHEASA-N,C[C@H](N)CS(=O)(=O)O,1
MGVSRBMGCWVHLY-JTQLQIEISA-N,CC(C)OC(=O)C[C@@H]1NS(=O)(=O)c2ccccc21,1
FONIHHMNYGOMNM-PZFGMSNSSA-N,CC/N=N/Cc1nnc(-n2c(/C=C/c3ccccc3)nc3ccccc3c2=O)s1,1
APQPGQGAWABJLN-GFCCVEGCSA-N,O=C(OC[C@H](O)CO)c1ccccc1Nc1ccnc2c(C(F)(F)F)cccc12,1
GVVXPMORGFYVOO-ZDUSSCGKSA-N,COc1cc2c(cc1O)C[C@@H]1NCCc3cc(OC)c(OC)c-2c31,1
KYVJVURXKAZJRK-LBPRGKRZSA-N,COc1cc2c(cc1O)C[C@@H]1NCCc3cc(O)c(OC)c-2c31,1
TZUGIFAYWNNSAO-AZQGJTAVSA-N,C=C[C@H]1CN2CCc3c([nH]c4ccccc34)[C@H]2C[C@@H]1/C(=C\OC)C(=O)OC,1
FFVRRQMGGGTQRH-VBZWBGKMSA-N,CC[C@H]1CN(C)[C@@H]2Cc3c([nH]c4ccccc34)C(=O)C[C@@H]1[C@@H]2C(=O)OC,1
IGGLYMZTLQKWGT-SECBINFHSA-N,CC(=O)CC[C@@H](O)c1ccoc1,1
RQCOQZNIQLKGTN-ZDUSSCGKSA-N,COc1cc2c3c(c1O)-c1c(cccc1OC)C[C@@H]3N(C)CC2,1
KEOQZUCOGXIEQR-LXFHFZRZSA-N,C=C1[C@@H]2CC[C@@H]3[C@@H](O)[C@@]2(C[C@@H](O)[C@@]2(O)[C@H]1C[C@H](O)C2(C)C)C[C@@]3(C)O,1
XFXPMWWXUTWYJX-UHFFFAOYSA-N,[C-]#N,1
YGGWIMXHQMJMIX-UHFFFAOYSA-N,CCN(CCI)Cc1ccc(Cl)cc1,1
JJIUCEJQJXNMHV-HNNXBMFYSA-N,CCO[P@](C)(=O)SCCN(C(C)C)C(C)C,1
ORFOPKXBNMVMKC-DWVKKRMSSA-N,CC(C)(O/N=C(/C(=O)N[C@@H]1C(=O)N2C(C(=O)[O-])=C(C[n+]3ccccc3)CS[C@H]12)c1csc(N)n1)C(=O)O,0
SNBUBQHDYVFSQF-HIFRSBDPSA-N,CO[C@@]1(NC(=O)CSCC#N)C(=O)N2C(C(=O)O)=C(CSc3nnnn3C)CS[C@@H]21,0
MCOMUPQTXUHLTL-CPCISQLKSA-N,CC1(C)C[C@@](C)(O)[P@@](C)(=O)O1,0
UIYAXIPXULMHAI-JLGRZTKVSA-N,CO/N=C(/C(=O)N[C@@H]1C(=O)N2C(C(=O)OCOC(=O)C(C)(C)C)=C(Cn3nnc(C)n3)CS[C@H]12)c1csc(N)n1,0
RZZPDXZPRHQOCG-OJAKKHQRSA-N,C[N+](C)(C)CCOP(=O)([O-])OP(=O)(O)OC[C@H]1O[C@@H](n2ccc(N)nc2=O)[C@H](O)[C@@H]1O,0
LPQZKKCYTLCDGQ-KHQFGBGNSA-N,C[C@@]1(Cn2ccnn2)[C@H](C(=O)O)N2C(=O)C[C@H]2S1(=O)=O,0
AFZFFLVORLEPPO-UVYJNCLZSA-N,CO/N=C(/C(=O)N[C@@H]1C(=O)N2C(C(=O)OCOC(=O)C(C)(C)C)=C(/C=C\c3scnc3C)CS[C@H]12)c1csc(N)n1,0
CNOURESJATUGPN-UDEBZQQRSA-N,COc1c(O[C@@H]2O[C@H](CO)[C@@H](O)[C@H](O)[C@H]2O)cc2occ(-c3ccc(O)cc3)c(=O)c2c1O,0
WGXMDGUEJDELPK-JMCQJSRRSA-N,CO[P@@]1(=O)OC(C)(C)C[C@]1(C)O,0
OTKRVOXOPIJRAY-UVTDQMKNSA-N,O=C1/C(=C/c2ccc([N+](=O)[O-])cc2)NC(=S)N1c1ccccc1,0
YUYNNRSNVDVFGC-AQTBWJFISA-N,O=C1/C(=C/c2ccc3ccccc3c2)NC(=S)N1c1ccccc1,0
RFNFHQCIIJDDNH-UYRXBGFRSA-N,Cc1ccc(N2C(=O)/C(=C/c3ccc4ccccc4c3)NC2=S)cc1,0
UMYCHHJDYDOPCG-PDGQHHTCSA-N,O=C1/C(=C/c2ccc3ccccc3c2)NC(=S)N1c1ccc(Cl)cc1,0
WZHCOOQXZCIUNC-VHDGCEQUSA-N,C[C@@H]1C[C@H](OC(=O)[C@H](O)c2ccccc2)CC(C)(C)C1,0
SRVFFFJZQVENJC-IHRRRGAJSA-N,CCOC(=O)[C@H]1O[C@@H]1C(=O)N[C@@H](CC(C)C)C(=O)NCCC(C)C,0
HXWLJBVVXXBZCM-GSVOUGTGSA-N,O=[N+]([O-])OC[C@H](O)CO,0
YPGCUXBNTDXTKF-UWTATZPHSA-N,COC(=O)[C@@H](F)C(F)(F)F,0
LTINZAODLRIQIX-FBXRGJNPSA-N,COCC1=C(C(=O)OC(C)OC(=O)OC(C)C)N2C(=O)[C@@H](NC(=O)/C(=N/OC)c3csc(N)n3)[C@H]2SC1,0
RVRRFXLAVFGQLU-PDGQHHTCSA-N,O=C1/C(=C/c2cccc3ccccc23)NC(=S)N1c1ccc(Cl)cc1,0
SCMSYZJDIQPSDI-SRVKXCTJSA-N,CC(C)CCNC(=O)[C@H](CC(C)C)NC(=O)[C@H]1O[C@@H]1C(=O)O,0
ILCNJTPDRSLPPL-UYRXBGFRSA-N,Cc1ccc(N2C(=O)/C(=C/c3cccc4ccccc34)NC2=S)cc1,0
GTQYAZQCUFLOCL-AMIZOPFISA-N,CCO[P@@]1(=O)OC(C)(C)C[C@]1(C)O,0
VKSZFKLTQVWHBZ-AQTBWJFISA-N,O=C1/C(=C/c2cccc3ccccc23)NC(=S)N1c1ccccc1,0
UTMMTSFNCUGDPF-GXSJLCMTSA-N,COC(=O)[C@H]1CC(=O)O[C@@H]1c1ccccc1,0
WRPZZSHZTXPAMR-GDNBJRDFSA-N,Cc1ccccc1/C=C1\NC(=S)N(c2ccc(Br)cc2)C1=O,0
WEFAQEVPHGHHQC-GDNBJRDFSA-N,Cc1ccc(/C=C2\NC(=S)N(c3ccc(Br)cc3)C2=O)cc1,0
PBLIYTRFDCTFFJ-YBEGLDIGSA-N,Cc1ccc(/C=C2\NC(=S)N(c3ccc(Br)cc3)C2=O)c(C)c1,0
QHVDAJVSDZKARR-GDNBJRDFSA-N,COc1cccc(/C=C2\NC(=S)N(c3ccc(Br)cc3)C2=O)c1,0
XZPBVGBLYVXROY-GDNBJRDFSA-N,COc1ccc(OC)c(/C=C2\NC(=S)N(c3ccc(Br)cc3)C2=O)c1,0
RUJBDQSFYCKFAA-OAHLLOKOSA-N,CC[C@@H]1C(C)=NN=C(c2ccc(OC)c(OC)c2)c2cc(OC)c(OC)cc21,0
WSYVIAQNTFPTBI-HNNXBMFYSA-N,CCOC(=O)CC(=O)N1CCS[C@H]1COc1ccccc1OC,0
MFUHTALWGBAVOL-ZDUSSCGKSA-N,CC(=O)OC[C@@H](COc1ccccc1)OC(C)=O,0
WSYVIAQNTFPTBI-OAHLLOKOSA-N,CCOC(=O)CC(=O)N1CCS[C@@H]1COc1ccccc1OC,0
UWZDUHTYIUMENV-MRVPVSSYSA-N,COc1ccc(OC[C@H](O)CO)cc1,0
LMRGLFGOROLWPK-QPUJVOFHSA-N,CCS[P@]1(=O)OC(C)(C)C[C@@]1(C)O,0
LHLAICAJBWWKQH-UVTDQMKNSA-N,COc1ccccc1/C=C1\NC(=S)N(c2ccc(Br)cc2)C1=O,0
QDZPKXXNXLAZMU-QMMMGPOBSA-N,COc1ncccc1C(=O)N[C@@H](CCC(=O)O)C(=O)O,0
RMTYNAPTNBJHQI-LLDVTBCESA-N,Cc1ccc(S(=O)(=O)NC(=O)N[C@H]2[C@H]3CC[C@@](C)([C@H]2O)C3(C)C)cc1,0
CVMSKRHCTWCITE-CYBMUJFWSA-N,CC(=O)OC[C@H](COc1ccccc1C)OC(C)=O,0
XIWMWFXIKLITMH-ZROIWOOFSA-N,O=C1/C(=C/c2ccccc2Cl)NC(=S)N1c1ccc(Br)cc1,0
DQUIGLNWFFUKSE-JTQLQIEISA-N,CC(=O)OC[C@H](O)COc1ccccc1,0
JVRMSXLSEPWFIT-RXMQYKEDSA-N,CCOC(=O)[C@H]1CCOC1=O,0
XVSXPSAOFUZLDH-GDNBJRDFSA-N,Cc1ccc(N2C(=O)/C(=C/c3cccc([N+](=O)[O-])c3)NC2=S)cc1,0
RVSTWRHIGKXTLG-WCXIOVBPSA-N,CC(C)N(C(C)C)C(C(=O)OC[C@@H](O)[C@@H](O)[C@H](O)[C@@H](O)C(=O)O)N(C(C)C)C(C)C,0
PVXJBKOQPCPILX-QMMMGPOBSA-N,COc1cccc(OC[C@@H](O)CO)c1,0
VVUMWAHNKOLVSN-LLVKDONJSA-N,CCCNC(=O)[C@@H](C)Nc1ccc(OCC)cc1,0
UTMMTSFNCUGDPF-MWLCHTKSSA-N,COC(=O)[C@@H]1CC(=O)O[C@@H]1c1ccccc1,0
HFGDOEGDRDVXPX-GBFLJEJBSA-N,COc1ccc2c(c1OC)C(=O)OC2[C@H]1c2c(cc3c(c2OC)OCO3)CC[N+]1(C)[O-],0
XXHKFIAOPOLYCT-UHFFFAOYSA-N,Cc1cc(C)[n+]([O-])c(NS(=O)(=O)c2ccc(N)cc2)n1,0
FNQIYTUXOKTMDM-MRVPVSSYSA-N,OC[C@@H](O)COc1ccccc1,0
ULHIQNLUAYGURD-ZROIWOOFSA-N,O=C1/C(=C/c2ccc(Cl)cc2)NC(=S)N1c1ccc(Br)cc1,0
JVFNPGBOQVHPQT-AAEUAGOBSA-N,CC[C@]1(c2ccccc2)O[C@@H](COC(N)=O)CS1,0
HFGDOEGDRDVXPX-VVESCEMWSA-N,COc1ccc2c(c1OC)C(=O)OC2[C@@H]1c2c(cc3c(c2OC)OCO3)CC[N+]1(C)[O-],0
NGSWKAQJJWESNS-ZZXKWVIFSA-N,O=C(O)/C=C/c1ccc(O)cc1,0
PMYXIPCHUXJSMD-ZROIWOOFSA-N,O=C1/C(=C/c2cccc(Cl)c2)NC(=S)N1c1ccc(Br)cc1,0
MCBHSLJEWLDVPJ-GDNBJRDFSA-N,COc1ccc(/C=C2\NC(=S)N(c3ccc(Br)cc3)C2=O)cc1,0
JCYZVGSOOTYDNJ-UVTDQMKNSA-N,CCC(CC)C(=O)N/C(=C\c1ccc(OC)cc1)C(=O)O,0
NQBFDWVRYFRUID-SDQBBNPISA-N,O=C(/C=N/N1CCCNC1=O)c1ccc([N+](=O)[O-])o1,0
XIOGHHPVBVXQIV-VSGBNLITSA-N,COc1cc2c3c(c1O)Oc1ccc(cc1)C[C@@H]1c4c(cc(OC)c(O)c4Oc4ccc(cc4)C[C@H]3N(C)CC2)CCN1C,0
YVQVOQKFMFRVGR-AUWJEWJLSA-N,O=C1OC(CN2CCOCC2)CN1/N=C/c1ccc([N+](=O)[O-])o1,0
MYYDUNXYUNZPKO-FOCLMDBBSA-N,Cc1ccccc1NCc1nnc(-n2c(/C=C/c3ccccc3)nc3ccccc3c2=O)s1,0
BSHDUMDXSRLRBI-JOYOIKCWSA-N,O=C(O)[C@@H]1CS[C@H](c2ccccc2O)N1C(=O)CCS,0
DCSUBABJRXZOMT-RBBKRZOGSA-N,COc1cc(N)c(Cl)cc1C(=O)N[C@H]1CCN(CCCOc2ccc(F)cc2)C[C@H]1OC,0
URBFJWFOWRNPJI-HYARGMPZSA-N,C/C(=N/NC(=O)NS(=O)(=O)c1c(C)cc(C)c2c(C)cc(=O)oc12)c1ccc(O)cc1,0
FDXOWEXWCPILKM-JTQLQIEISA-N,C[C@](O)(CO)COc1ccccc1,0
TVRCQMFDVHKZHL-GFCCVEGCSA-N,CC[C@]1(c2ccccc2)CCOC1=O,0
ANJROQCDRGDKMV-MRVPVSSYSA-N,OC[C@@H](O)CSc1ccccc1,0
QSUUSSJYBHNMHY-JQWIXIFHSA-N,C[C@]1(c2ccc(Br)cc2)OC[C@H](COC(N)=O)O1,0
MIIYGUMAEDJBJA-BQYQJAHWSA-N,CC1(/C=C/c2ccccc2)NC(=O)N(CN2CCOCC2)C1=O,0
RZRZQUNDHLJWQP-GXTWGEPZSA-N,CCN(CC)C(=O)[C@H]1CC(=O)O[C@@H]1c1ccccc1,0
OITWISNIYRCMPO-SFHVURJKSA-N,C[S@](=O)c1ccc(-c2cn3cccnc3n2)cc1,0
JIURXXJXDLMZRX-BQYQJAHWSA-N,CCCOC(=O)/C=C/c1ccccc1S(N)(=O)=O,0
SMWJHXUZYMSWDL-VOTSOKGWSA-N,COC(=O)/C=C/c1ccccc1S(N)(=O)=O,0
WMQHMYRPAFTQPV-BQYQJAHWSA-N,CCOC(=O)/C=C/c1ccccc1S(N)(=O)=O,0
KYEJWXHRPBOCNJ-BQYQJAHWSA-N,CC(C)OC(=O)/C=C/c1ccccc1S(N)(=O)=O,0
LFESUUHOYPGPSR-CMDGGOBGSA-N,CCCCOC(=O)/C=C/c1ccccc1S(N)(=O)=O,0
XGIRBWKKCPENLG-MRVPVSSYSA-N,NC(=O)OC[C@@H]1CSC2(CCCCC2)S1,0
FJIKWRGCXUCUIG-HNNXBMFYSA-N,CN1C(=O)[C@H](O)N=C(c2ccccc2Cl)c2cc(Cl)ccc21,0
UWLKDGGLSVPEJT-POYBYMJQSA-N,CC[C@]1(C)O[C@@H](COC(N)=O)CS1,0
DINCGSAOSQJWSV-VIFPVBQESA-N,CCOc1ccc(OC[C@@H](O)CO)cc1,0
RDESHSVNCKVUPO-QMMMGPOBSA-N,NC(=O)OC[C@H]1COC2(CCCCC2)O1,0
UZRHHBIKNCZGGJ-UHFFFAOYSA-N,Nc1nc(-c2cc(Cl)ccc2Cl)nc(N)[n+]1[O-],0
VFQNCPVSSDIRRK-FOCLMDBBSA-N,O=c1c2ccccc2nc(/C=C/c2ccccc2)n1-c1nnc(CNc2ccccc2)s1,0
WUYGXHJGRROMTN-FPQBULDBSA-N,O=C1/C(=C\C=C\c2ccccc2)SC(=S)N1CN1CCN(c2ccccc2)CC1,0
JJDMACISXBGJJJ-WXEZRFCZSA-N,O=C1/C(=C\C=C\c2ccccc2)SC(=S)N1CN1CCN(c2ccc(Cl)cc2)CC1,0
WTGJGWJJJOCUQE-JTQLQIEISA-N,C=CCOc1ccccc1OC[C@@H](O)CO,0
ZPOROEBGHMWWDI-UHFFFAOYSA-N,O=C(OCCN1CCOCC1)C(c1ccccc1)c1ccccc1,0
IKYIXZSIKOYSLD-LLVKDONJSA-N,O=C(O)[C@H](Cc1cc(I)c(O)c(I)c1)c1ccccc1,0
RGZSQWQPBWRIAQ-GJZGRUSLSA-N,CC(C)=CCC[C@](C)(O)[C@H]1CC=C(C)CC1,0
DDPXQCWRRXXQNQ-JQWIXIFHSA-N,C[C@]1(c2ccc(Cl)cc2)OC[C@H](COC(N)=O)O1,0
SQTKLANYSYZUQC-VIFPVBQESA-N,Cc1ccccc1SC[C@@H](O)CO,0
BTHCJHQOYFUIMG-CDQUAFCBSA-N,C/C=C1\C[C@@H](C)[C@@](C)(O)C(=O)OC[C@H]2CCN3CC[C@@H](OC1=O)[C@@H]23,0
NNWHUJCUHAELCL-PLNGDYQASA-N,C/C=C\c1ccc(OC)c(OC)c1,0
PEWFWDOPJISUOK-CYBMUJFWSA-N,CC(C)(O)[C@H](O)COc1c2ccoc2cc2oc(=O)ccc12,0
RFXGIRLHEACEHX-SNVBAGLBSA-N,OC[C@@H](O)COc1cccc2cccnc12,0
UXVSYSJHNUGVCD-PSASIEDQSA-N,C[C@@H]1[C@H](c2ccccc2)OC(=O)NN1C,0
CXBMCYHAMVGWJQ-CABCVRRESA-N,CC(C)=C[C@@H]1[C@@H](C(=O)OCN2C(=O)C3=C(CCCC3)C2=O)C1(C)C,0
GGQGUBWFVKJOER-FQEVSTJZSA-N,CN1CCc2cc3c(cc2[C@]12Cc1ccc4c(c1C2=O)OCO4)OCO3,0
YEFOAORQXAOVJQ-OZAJXLCCSA-N,COc1cc2c(c(OC)c1OC)-c1c(cc(OC)c(OC)c1OC)C[C@](C)(O)[C@H](C)C2,0
HACQDDATJNJBDK-UHFFFAOYSA-N,Cc1ccc(-c2cn3c4c(=O)n(C)c(=O)n(C)c4nc3n2Cc2ccccc2)cc1.O,0
APIXMWJMJACVBU-CMDGGOBGSA-N,C#CC(C)(C)NC(=O)/C=C/c1cc(OC)c(OC)c(OC)c1,1
NFHVTCJKAHYEQN-PBHICJAKSA-N,C[C@H](Cc1ccccc1)N[C@@H](C#N)c1ccccc1,1
YDDZHTSOBDNNMZ-DTORHVGOSA-N,N#C[C@H]1C(=O)NC(=O)[C@@H](C#N)C12CCCCC2,1
TVSURRUHJZSEFC-PHDIDXHHSA-N,CC[C@@H]1C[C@@H](C)OC1=O,1
AIEZTKLTLCMZIA-RZLLGALYSA-N,C[C@@H]1CNc2c(cccc2S(=O)(=O)N[C@@H](CCCNC(=N)N)C(=O)N2CC[C@@H](C)C[C@@H]2C(=O)O)C1.O,1
HCUBLVSSCLOFMH-XMHGGMMESA-N,O=C1/C(=C\c2ccc(F)cc2)SC(=S)N1CN1CCN(c2ccccc2)CC1,1
LXQQITIYJLMWKU-XMHGGMMESA-N,O=C1/C(=C\c2cccc(F)c2)SC(=S)N1CN1CCN(c2ccccc2)CC1,1
DURULFYMVIFBIR-CYBMUJFWSA-N,CC(=O)Nc1ccc(OC[C@H](O)CNC(C)C)cc1,1
YKLHYJVYZUWBQT-UHFFFAOYSA-N,Cc1[nH]c2ccccc2c1CC(=O)NNC(=S)NC1CCCCC1,1
WBLXZPHICYCDGN-GFCCVEGCSA-N,CCCCOC[C@@H](O)COc1ccccc1,1
FWCHABIGPABAII-WZUFQYTHSA-N,O=C(/C=N/N1CCNC1=O)c1ccc([N+](=O)[O-])o1,1
YKJYKKNCCRKFSL-RDBSUJKOSA-N,COc1ccc(C[C@H]2NC[C@H](O)[C@H]2OC(C)=O)cc1,1
JCWDQBQBVNMMNK-ZDUSSCGKSA-N,COc1cc2c(c(OC)c1O)-c1c(O)c(OC)cc3c1[C@H](CC2)N(C)CC3,1
NRNCYVBFPDDJNE-ZETCQYMHSA-N,NC1=NC(=O)[C@H](c2ccccc2)O1,1
JKPISQIIWUONPB-OAHLLOKOSA-N,COc1cc2c(cc1O)[C@H]1Cc3ccc(O)c(OC)c3CN1CC2,1
ZEAJXCPGHPJVNP-GFCCVEGCSA-N,O[C@H](CNc1ccccn1)c1ccccc1,1
TVQZAMVBTVNYLA-VIFPVBQESA-N,C[C@H](C(=O)O)c1ccc2c(c1)Cc1cccnc1O2,1
SPJRPARYTUBINA-CRRREAHRSA-N,CN(C)[C@H]1C(O)=C(C(=O)NCN2CCC[C@H]2C(=O)O)C(=O)[C@]2(O)C(O)=C3C(=O)c4c(O)cccc4[C@@](C)(O)[C@@H]3C[C@H]12,1
NNYBQONXHNTVIJ-KRWDZBQOSA-N,CCc1cccc2c3c([nH]c12)[C@](CC)(CC(=O)O)OCC3,1
VOOYTQRREPYRIW-GFCCVEGCSA-N,COC1=CC(=O)O[C@H](CCc2ccccc2)C1,1
ROCOZPUHMBWCOS-GXDHUFHOSA-N,O=C1/C(=C\c2cccc(F)c2)SC(=S)N1CN1CCCCC1,1
QZTFQQBYBVMLFQ-HTQZYQBOSA-N,CCCC1(C)[C@H](C#N)C(=O)NC(=O)[C@H]1C#N,1
ZXQNHZRSLAQFIO-UHFFFAOYSA-N,O=S(=O)(O)SCCNCCCCC1CCCCC1,1
YSIITVVESCNIPR-NSHDSACASA-N,COc1cc(C(=O)N[C@H]2CCCNC2)cc(OC)c1OC,1
KRUJYTGWDRLROP-VMPITWQZSA-N,O=c1nc(/C=C/c2ccc(Cl)cc2)[nH]c2ncccc12,1
ISARNQWKABTJEY-RNFRBKRXSA-N,CCC1(C)[C@H](C#N)C(=O)NC(=O)[C@H]1C#N,1
INYYVPJSBIVGPH-NQCMUKECSA-N,COC1=C[C@@H]2[C@@H]3Cc4ccc(OC)c(O)c4[C@@]2(CCN3C)CC1=O,1
HJEBEQSPVFKBOQ-UHFFFAOYSA-N,O=C(O)C(=O)C(Cl)Cl,1
JOZZAIIGWFLONA-RXMQYKEDSA-N,CC(C)[C@@H](C)N,1
RKAGXGJVJCKBPG-LLVKDONJSA-N,Cc1nc2ccccc2c(=O)n1[C@@H]1CCC(=O)NC1=O,1
ALHUZKCOMYUFRB-OAHLLOKOSA-N,C[C@@H]1CCCCCCCCCCCCC(=O)C1,1
FLWFHHFTIRLFPV-QGZVFWFLSA-N,CCCC[C@@H](C(=O)O)C(=O)N(Nc1ccccc1)c1ccccc1,1
MLINQFCXYMQZBL-UKTHLTGXSA-N,O=C1/C(=C\c2ccc(F)cc2)SC(=S)N1CN1CCOCC1,1
CFWIHUFVMSAPNI-ZDUSSCGKSA-N,c1ccc2c(c1)OC[C@H](CN1CCCCCC1)O2,1
AKNNEGZIBPJZJG-QZTJIDSGSA-N,COc1ccc2c(c1OC)C(=O)O[C@H]2[C@H]1c2c(cc3c(c2OC)OCO3)CCN1C,1
COFDRZLHVALCDU-YVLHZVERSA-N,CO/N=C(/C(=O)Sc1nc2ccccc2s1)c1csc(N)n1,1
NGSWKAQJJWESNS-UTCJRWHESA-N,O=C(O)/C=C\c1ccc(O)cc1,1
MOFCXDAXCLPORX-POHAHGRESA-N,Cc1ccc(/C(Cl)=C/C=O)cc1,1
BMOVQUBVGICXQN-MKPDMIMOSA-N,CC[C@](C)(Oc1ccc(C2(c3ccc(O[C@](C)(CC)C(=O)O)cc3)CCCCC2)cc1)C(=O)O,1
CVWWNYPTZYQCSE-GANZUKCXSA-N,CC(C)=C1CC[C@H](C)[C@](C)(COc2ccc3ccc(=O)oc3c2)[C@@H]1CCC(=O)O,1
PMRMSGNJEJXYGD-UITAMQMPSA-N,O=C/C=C(\Cl)c1ccc(F)cc1,1
DAXYUDFNWXHGBE-VKCGGMIFSA-N,CC[C@H]1CN2CC[C@@]3(C(=O)Nc4ccccc43)[C@@H]2C[C@@H]1/C(=C\OC)C(=O)OC,1
SIZXCNAEXIUHBK-UVZCHINQSA-N,O=C1/C(=C\C=C\c2ccccc2)SC(=S)N1CNc1ccccc1,1
DSGKTUVITPQPRT-YFKPBYRVSA-N,O=NN1CCCC[C@H]1C(=O)O,1
YWTIDNZYLFTNQQ-SNVBAGLBSA-N,C#C[C@@](C)(O)CCC=C(C)C,1
DTYZDNZSCHLPHY-UITAMQMPSA-N,O=C/C=C(\Cl)c1ccc(I)cc1,1
ZDHOBXVUKIFNBV-POHAHGRESA-N,COc1ccc(/C(Cl)=C/C=O)cc1,1
LRAHEMDGLNXPKE-KBNHJXMZSA-N,CC(C)=CCC[C@](C)(O)[C@H]1CC[C@]2(C)C3CC(C)C4C(C)(C)C([C@@]5(O[C@@H]6OC[C@@H](O)[C@H](O)[C@H]6O)O[C@H](CO)[C@@H](O)[C@H](O)[C@H]5O[C@@H]5O[C@H](CO)[C@@H](O)[C@H](O)[C@H]5O)CC[C@]4(C)C3C[C@H](O)C12,1
HLPPSQPFFGNHHE-IEBWSBKVSA-N,CCN(C)[C@@H]1CCN([C@@H]2Cc3ccccc3Sc3ccc(Cl)cc32)C1,1
FTIQEVPFMLQJJT-QFIPXVFZSA-N,CCCCCCCCCCCCCCCCCC(=O)N[C@@H](CC(C)C)C(=O)O,1
SOBIXRUSPZTLPQ-DGCLKSJQSA-N,CC(C)NC[C@@H](O)COc1cccc2cc([C@@H](C)O)oc12,1
HLPPSQPFFGNHHE-MJGOQNOKSA-N,CCN(C)[C@@H]1CCN([C@H]2Cc3ccccc3Sc3ccc(Cl)cc32)C1,1
WMMZYEBFJWWUJX-YCSGKXEJSA-N,COC(=O)[C@H]1[C@H]2C[C@@H]3c4[nH]c5cccc(OC)c5c4CCN3C[C@H]2CC[C@H]1O,1
JYIJIIVLEOETIQ-XDQVBPFNSA-N,O=C1CCC[C@@H]2[C@H]3C[C@@H](CN12)[C@@H]1CCCCN1C3,1
HLPPSQPFFGNHHE-HKUYNNGSSA-N,CCN(C)[C@H]1CCN([C@H]2Cc3ccccc3Sc3ccc(Cl)cc32)C1,1
ZFLRVRLYWHNAEC-AWEZNQCLSA-N,COc1cc2c(cc1O)C[C@H]1c3c(cc(OC)c(OC)c3-2)CCN1C,1
ZSCDBOWYZJWBIY-MRXNPFEDSA-N,C[C@H](CN(C)C)CN1c2ccccc2CCc2ccccc21,1
IWQMAUVMLFGNGU-UITAMQMPSA-N,O=C/C=C(\Cl)c1ccc(Cl)cc1,1
MZSUVQFIWWXTFR-AWEZNQCLSA-N,COc1cc2c(cc1OC)-c1c(OC)c(OC)cc3c1[C@H](C2)NCC3,1
DZRUWBABCQULJK-NSHDSACASA-N,c1ccc2c(c1)OC[C@H](CN1CCCC1)O2,1
UXKLVVLXBLXQBO-FUDKSRODSA-N,CC(C)(C)[C@]1(O)CCN2C[C@@H](c3ccccc3)c3ccccc3[C@@H]2C1,1
RCWFNCXDFSOVLG-UHFFFAOYSA-N,O=C(O)C(=O)CCl,1
OMCPLEZZPVJJIS-STQMWFEESA-N,CC(C)NC[C@H](O)COc1cccc2c1OC[C@@H](O[N+](=O)[O-])C2,1
WYTGDNHDOZPMIW-VBNZEHGJSA-N,COC(=O)C1=CO[C@@H](C)[C@H]2C[n+]3ccc4c([n-]c5ccccc54)c3C[C@H]12,1
DAXYUDFNWXHGBE-OBADGVGUSA-N,CC[C@H]1CN2CC[C@@]3(C(=O)Nc4ccccc43)[C@H]2C[C@@H]1/C(=C\OC)C(=O)OC,1
CXABZTLXNODUTD-UHFFFAOYSA-N,O=C(O)C(=O)CF,1
HGPAYXHIEJVIDC-UHFFFAOYSA-N,CCCCCC1=CC2OC(C)(C)C3C=CC(C)=CC3C2C(O)=C1,1
OGDVEMNWJVYAJL-VNIGLLLESA-N,CCOc1ccc2c3c1O[C@@H]1[C@@H](O)C=C[C@H]4[C@@H](C2)N(C)CC[C@@]314,1
BSHWLCACYCVCJE-NZQKXSOJSA-N,CCO[C@H](CN1CCN(C[C@H](C)C(=O)c2ccccc2)CC1)c1ccccc1,1
MQPXHFIDWDGJRK-KMKOMSMNSA-N,O=C1CN(/N=C/C(=O)c2ccc([N+](=O)[O-])o2)C(=O)N1,1
DMRCXSXRPZTGSD-UHFFFAOYSA-N,Nc1ccc(S(=O)(=O)Nc2scc[n+]2[O-])cc1,1
KNRCVAANTQNTPT-JTGULSINSA-N,C[C@@]12C=C[C@H](C1)[C@@H]1C(=O)OC(=O)[C@@H]12,1
WYZJISGSCYROFA-QZQOTICOSA-N,O=c1c2ccccc2nc(/C=C/c2ccccc2)n1-c1nnc(CN(c2ccccc2)c2ccccc2)s1,1
VSXKZWMVPXBGBV-KTKRTIGZSA-N,CN(C)/C=C1\C(=O)Nc2ccccc2N=C1N(C)C,1
NMLUOJBSAYAYEM-XPOGPMDLSA-N,CC[C@H]1CN2CCc3c([nH]c4ccccc34)[C@@H]2C[C@@H]1/C(=C\OC)C(=O)OC,1
TWEGUVWYPKXWSU-YHYXMXQVSA-N,O=C(/C=N/N1CCOC1=O)c1ccc([N+](=O)[O-])o1,1
YUGZVPKKTDKFMZ-GFCCVEGCSA-N,C[C@@H]1CCCCN1Cc1c[nH]c2ccccc12,1
QUPHNGBWHDVLCY-UHFFFAOYSA-N,CN(C)C1=CC=c2oc(-c3ccccc3)nc2=CC1,1
WFLSCFISQHLEED-GOEBONIOSA-N,CC(C)[C@](C#N)(C[C@H](C)N(C)C)c1ccccc1,1
LJYGXPCCGGSATE-UHFFFAOYSA-P,O/N=C/c1cc[n+](CCC[n+]2ccc(/C=N/O)cc2)cc1,1
UPWSEHPIDUSFRO-UHFFFAOYSA-N,O=C(O)C(=O)C(Br)Br,1
JACAAXNEHGBPOQ-LLVKDONJSA-N,CC(=O)N1N=C(c2ccc(N)cc2)c2cc3c(cc2C[C@H]1C)OCO3,1
PRRZDZJYSJLDBS-UHFFFAOYSA-N,O=C(O)C(=O)CBr,1
AFJPGVUCVDCFPM-GWOIXLOFSA-N,C/C=C1/C[N+]2(C)CC[C@@]34c5ccccc5N[C@]32[C@@H](O)C[C@@H]1[C@]4(CO)C(=O)OC,1
BLGXFZZNTVWLAY-MQPLHJKPSA-N,COC(=O)[C@@H]1[C@H]2C[C@H]3c4[nH]c5ccccc5c4CCN3C[C@@H]2CC[C@H]1O,1
GKKMZQDANLBXRO-CHHVJCJISA-N,O=C(/C=N/N1CC(CN2CCOCC2)OC1=O)c1ccc([N+](=O)[O-])o1,1
YOAUKNYXWBTMMF-QGZVFWFLSA-N,COc1cc2c(cc1OC)CN1CCc3cc(OC)c(OC)cc3[C@H]1C2,1
IPQGILWDLLCCRZ-ZHACJKMWSA-N,O=C(/C=C/Cl)c1ccc(-c2ccccc2)cc1,1
OONWCXLYKDWKOU-SOFGYWHQSA-N,O=C1NC(=S)S/C1=C/c1ccccc1,1
CSYQMYZKFFZDIU-LBPRGKRZSA-N,C=CCN1CCC[C@H]1c1cccnc1,1
CFMFGANUEMXVTA-ONEGZZNKSA-N,CCC(=O)/C=C/Cl,1
DGTNSSLYPYDJGL-UHFFFAOYSA-N,O=C=Nc1ccccc1,1
YCDOHSUMKPOXSR-ONEGZZNKSA-N,CC(C)C(=O)/C=C/Cl,1
SMGACXZFVXKEAX-LLVKDONJSA-N,CNC(=O)N1N=C(c2ccc(N)cc2)c2cc3c(cc2C[C@H]1C)OCO3,1
FVAJBZADZNHVMM-CMDGGOBGSA-N,O=C(/C=C/Cl)c1cccc2ccccc12,1
XGRXFPLTRWEIKB-AATRIKPKSA-N,Cc1ccc(C)c(C(=O)/C=C/Cl)c1,1
GSQNNWOQBPIEJB-SNAWJCMRSA-N,Cc1cc(C)c(C(=O)/C=C/Cl)c(C)c1,1
VDVLYXSQGCISGT-SNAWJCMRSA-N,CCCC(=O)/C=C/Cl,1
MBUVEWMHONZEQD-GOSISDBHSA-N,CN1CCC[C@@H](n2nc(Cc3ccc(Cl)cc3)c3ccccc3c2=O)CC1,1
ADRDHEFLWUEGCY-AATRIKPKSA-N,O=C(/C=C/Cl)c1ccc([N+](=O)[O-])cc1,1
ZRMYVWHQZOHYKR-BMLIUANNSA-N,COC(=O)C1=C(C)NC(C)=C(C(=O)OC[C@@H](C)O)[C@@H]1c1ccccc1[N+](=O)[O-],1
JDDMSOFLSWIWJQ-AATRIKPKSA-N,O=C(/C=C/Cl)c1ccc(I)cc1,1
LOQRYJCRHLVLHR-IMVHABQJSA-N,CC1(C)O[C@@H]2[C@@H](O)C34C[C@H](CC[C@H]3[C@@](C)(O)[C@@H]3C[C@H](O)C(C)(C)C32O1)[C@](C)(O)C4,1
RXPBSMJSLNBUBZ-AATRIKPKSA-N,O=C(/C=C/Cl)c1ccc(Br)cc1,1
CIFNTCNQNOLCOU-AATRIKPKSA-N,Cc1ccc(C(=O)/C=C/Cl)c(C)c1,1
DSLXRANAPTYXPW-AATRIKPKSA-N,O=C(/C=C/Cl)c1ccc(Cl)cc1,1
SWZMSZQQJRKFBP-LOWVWBTDSA-N,O=C1C=C2C=C[C@H]3C[C@@]2(O1)[C@H]1CCCCN31,1
FBPZAGOTWAVQJH-XZWHSSHBSA-N,C[C@@]1(O)CC(=O)c2c(cc3ccc(-c4c5c(c(O)c6c(O)cccc46)C(=O)C[C@](C)(O)C5)c(O)c3c2O)C1,1
GYEIFKZLLFIRBQ-BQYQJAHWSA-N,CCc1ccc(C(=O)/C=C/Cl)cc1,1
NTFFVFPCZOKKOT-VOTSOKGWSA-N,COc1ccc(C(=O)/C=C/Cl)cc1,1
NFZJAYYORNVZNI-OCHURCMPSA-N,COC(=O)[C@@]12Oc3ccc(-c4ccc5c(c4O)C(=O)C4=C(O)C[C@H](C)[C@@H](O)[C@]4(C(=O)OC)O5)c(O)c3C(=O)C1=C(O)C[C@H](C)[C@H]2O,1
YYWGABLTRMRUIT-MQIPJXDCSA-N,CC1=C[C@H]2Cc3[nH]c(=O)ccc3[C@]3(C1)NCCC[C@@H]23,1
MHZUGELJKUYWQA-VOTSOKGWSA-N,O=C(/C=C/Cl)c1ccccc1,1
PXDDMPVNEGCENH-VOTSOKGWSA-N,Cc1ccc(C(=O)/C=C/Cl)cc1,1
JKUCUGXJJULEAH-RMKNXTFCSA-N,N=C1NC(=O)/C(=C\C(=O)c2ccccc2)O1,1
JMDOEUVPOVHBNU-DEBJPHTRSA-N,CC[C@H]1CN1c1nc(N2C[C@@H]2CC)nc(N2C[C@@H]2CC)n1,1
HWXNHESDWWDHHS-AATRIKPKSA-N,O=C(/C=C/Cl)c1ccc(F)cc1,1
ZRMYVWHQZOHYKR-QGHHPUGFSA-N,COC(=O)C1=C(C)NC(C)=C(C(=O)OC[C@@H](C)O)[C@H]1c1ccccc1[N+](=O)[O-],1
NHSSTOSZJANVEV-BYPYZUCNSA-N,CC[C@H](O)C#N,1
WOFDVDFSGLBFAC-GSVOUGTGSA-N,C[C@@H](O)C#N,1
SZINUGQCTHLQAZ-ZLIFDBKOSA-N,CC(=O)C1=C(O)[C@@H]2[C@H]3c4c[nH]c5cccc(c45)C[C@@H]3C(C)(C)N2C1=O,1
RZMOICJDRADLCT-UHFFFAOYSA-N,O=C(CBr)C(=O)CBr,1
JLSVDPQAIKFBTO-KVCYDUFJSA-N,COc1cc(=O)oc(/C=C/C=C/C=C/C(C)=C/[C@]2(C)O[C@H](C)[C@](C)(O)[C@@H]2O)c1C,1
DAJYZXUXDOSMCG-FQLXRVMXSA-N,CCOP(=O)(OCC)O[P@@](=O)(OCC)O[P@](=O)(OCC)OP(=O)(OCC)OCC,1
DFBIRQPKNDILPW-CIVMWXNOSA-N,CC(C)[C@]12O[C@H]1[C@@H]1O[C@@]13[C@@]1(C)CCC4=C(COC4=O)[C@@H]1C[C@@H]1O[C@@]13[C@@H]2O,1
PEPXNJLMNKYXFN-TWNYKUNSSA-N,CC1(C)[C@@H]2O[C@H]2[C@H]2[C@](C)(O)[C@@H]3CC[C@@H]4C[C@@]3(C[C@@]4(C)O)[C@H](O)[C@@H](O)[C@@]21O,1
PGJCDWGWSPHVKN-VKHMYHEASA-N,CO[C@H]1CC1(Cl)Cl,1
PIJVFDBKTWXHHD-UKRRQHHQSA-N,CNC(=O)Oc1ccc2c(c1)[C@@]1(C)CCN(C)[C@@H]1N2C,1
BKMHDYJRAAJTAD-KTKRTIGZSA-N,C=C(CO)CC1CC(O)C2(C)OC3CC4OC5CC6(C)OC7(C)CCC8OC9CC%10(C)OC%11C(C)=CC(=O)OC%11CC%10OC9CC(C)C8OC7CC6OC5(C)C/C=C\C4OC3CC2O1,1
FYXHGVMFJYHPFX-LURJTMIESA-N,CO[P@](=O)(O)ON1C(N)=NC[C@H]1CN(C)C,1
CSUQNJQRLCOOSR-NAKBKFBQSA-N,C[C@@H]1NC(=O)[C@@H]2CCCN2C(=O)[C@H](CC(N)=O)NC(=O)[C@@H]2CSSC[C@@H](C(N)=O)NC(=O)[C@H](CO)NC(=O)[C@H](Cc3cccc(O)c3)NC(=O)[C@H](Cc3cnc[nH]3)NC(=O)[C@H](CCCNC(=N)N)NC(=O)CNC(=O)[C@H](CSSC[C@H](NC(=O)[C@@H](N)CCC(=O)O)C(=O)N2)NC1=O,1
NSKGQURZWSPSBC-VVPCINPTSA-N,NC[C@H]1O[C@H](O[C@@H]2[C@@H](N)C[C@@H](N)[C@H](O)[C@H]2O[C@@H]2O[C@H](CO)[C@@H](O)[C@H]2O)[C@H](N)[C@@H](O)[C@@H]1O,0
KCCUXQNIEYYDAM-AWEZNQCLSA-N,Cc1ccccc1OC[C@H](O)COC(=O)c1cccnc1,0
NMFBGBYZBOKIGQ-GJZGRUSLSA-N,CC(C)c1ccc([C@@]2(C)OC[C@@H](N(C=O)CO)O2)cc1,0
REQUQJQPNHWTGW-BMIGLBTASA-N,CCN(CC)[P@@]1(=O)OC(C)(C)C[C@]1(C)O,0
LXDBZXKZNYQYON-JQWIXIFHSA-N,C[C@]1(c2ccccc2)O[C@@H](COC(N)=O)CS1,0
PHNZPQMKWINQHJ-DHDCSXOGSA-N,COc1ccc(/C=C2\NC(=S)N(c3ccc(Br)cc3)C2=O)c(OC)c1,0
UACFJBOCHCIHFC-UVTDQMKNSA-N,COc1cccc(/C=C2\NC(=S)N(c3ccc(Br)cc3)C2=O)c1OC,0
IVLUAGYBDRGAPC-LRDDRELGSA-N,CC1(C)C[C@@](C)(O)[P@](=O)(c2ccccc2)O1,0
ISGNUHLBFNANBV-CMPLNLGQSA-N,C[C@@]1(c2ccc(Cl)cc2)O[C@@H](COC(N)=O)CS1,0
OWLROUCFMMJRCT-UJHPFZFGSA-N,O=C1/C(=C\C=C\c2ccccc2)SC(=S)N1CN1CCCC1,0
XFXUAEWFQNFSNW-SNVBAGLBSA-N,C[C@H](COC(=O)COc1ccc(Cl)cc1)N(C)C,0
MXUNKHLAEDCYJL-JTQLQIEISA-N,Cc1cccc(N2C[C@@H](CO)OC2=O)c1,0
SHLGUEVDTGWLBS-JTQLQIEISA-N,CCCOc1ccccc1OC[C@@H](O)CO,0
DVEQCIBLXRSYPH-LLVKDONJSA-N,CCCC[C@@H]1C(=O)NC(=O)N(C2CCCCC2)C1=O,0
SKPLBLUECSEIFO-QMMMGPOBSA-N,NC(=O)OC[C@@H](O)COc1ccc(Cl)cc1,1
YJGVMLPVUAXIQN-HAEOHBJNSA-N,COc1cc([C@@H]2c3cc4c(cc3[C@H](O)[C@H]3COC(=O)[C@@H]23)OCO4)cc(OC)c1OC,1
HLPPSQPFFGNHHE-PKOBYXMFSA-N,CCN(C)[C@H]1CCN([C@@H]2Cc3ccccc3Sc3ccc(Cl)cc32)C1,1
BMEIVZSKOZFHRN-UITAMQMPSA-N,O=C/C=C(\Cl)c1ccc(Br)cc1,1
NMLUOJBSAYAYEM-AZQGJTAVSA-N,CC[C@H]1CN2CCc3c([nH]c4ccccc34)[C@H]2C[C@@H]1/C(=C\OC)C(=O)OC,1
SLRCCWJSBJZJBV-TUVASFSCSA-N,C1CCN2C[C@H]3C[C@H](CN4CCCC[C@H]34)[C@@H]2C1,1
ICINRXQSNJZVLB-VOTSOKGWSA-N,O=C(/C=C/c1ccccc1)OCCF,1
ULEFBGMSKLBBKF-AWEZNQCLSA-N,CCN1CCC[C@H](Nc2cc(C)nc(NC(=N)Nc3ccc(Cl)c(Cl)c3)n2)C1,1
VXSLBTSUIZUVFX-NSHDSACASA-N,CCN1CCC[C@H]1c1cccnc1,1
ROMXQUBLTVIACV-NSHDSACASA-N,CC(C)CC1=C(C(=O)c2ccoc2)C[C@@H](C)C1,1
unknown,C#CCN1C(=O)[C@H]2CC=CC[C@@H]2C1=O,0
unknown,C/C=C1\CN2CCc3c([nH]c4ccccc34)[C@@H]2C[C@H]1[C@H](C(=O)OC)[C@@H]1OC[C@H]2[C@H]3C[C@@H]4N(CC[C@]45c4ccccc4N1[C@@H]25)C[C@H]3CC,1
unknown,C/C=C1\CN2[C@@H]3C[C@@H]1[C@H](CO)[C@H]2Cc1c3[nH]c2cc(OC)ccc12,1
unknown,C/C=C\C(=O)C[C@@H]1CC[C@H](C)[C@@H](CC(=O)NC[C@H](O)[C@H](C)C(=O)NCCC[C@H]2O[C@@]3(CCC[C@@H](CC[C@H](C)/C=C(\C)[C@@H](C)O)O3)CC[C@@H]2C)O1,1
unknown,C=C(C(=O)O)[C@@H]1CC[C@]2(C)CCC=C(C)[C@@H]2C1,1
unknown,C=C(C=O)C[C@H]1C[C@@H](O)[C@]2(C)O[C@@H]3C[C@@H]4O[C@@H]5C[C@@]6(C)O[C@]7(C)CC[C@@H]8O[C@H]9C[C@@]%10(C)O[C@@H]%11C(C)=CC(=O)O[C@@H]%11C[C@H]%10O[C@H]9C[C@@H](C)[C@H]8O[C@H]7C[C@H]6O[C@@]5(C)CC=C[C@H]4O[C@H]3C[C@H]2O1,1
unknown,C=CCC1(C[C@@H](C)Br)C(=O)NC(=O)NC1=O,0
unknown,C=CCC1(C[C@H](C)OC)C(=O)NC(=O)NC1=O,1
unknown,CC(=N\N)/C(=N/O)Nc1ccc(Cl)cc1,1
unknown,CC(=N\N)/C(=N/O)Nc1ccc(N(C)C)cc1,1
unknown,CC(=N\N)/C(=N/O)Nc1ccc(N(CCCl)CCCl)cc1,1
unknown,CC(=N\N)/C(=N/O)Nc1cccc(Cl)c1,1
unknown,CC(=N\N)/C(=N/c1cccc(C)c1)NO,1
unknown,CC(=O)O[C@@H]1C(=O)[C@@]23C[C@H](CC[C@H]2[C@@](C)(O)[C@@H]2[C@H](Cl)[C@H](O)C(C)(C)[C@]12O)[C@](C)(O)C3,1
unknown,CC(=O)O[C@@H]1C(=O)[C@]23C[C@@H](CC[C@H]2[C@@](C)(O)[C@@H]2[C@@H]4O[C@@H]4C(C)(C)[C@@]12O)[C@](C)(O)C3,1
unknown,CC(=O)O[C@H]1C[C@H](O[C@H]2[C@@H](O)C[C@H](O[C@H]3[C@@H](O)C[C@H](O[C@H]4CC[C@]5(C)[C@H]6CC[C@@]7(C)[C@@H](C8=CC(=O)OC8)CC[C@]7(O)[C@@H]6CC[C@@H]5C4)O[C@@H]3C)O[C@@H]2C)O[C@H](C)[C@H]1O,1
unknown,CC(=O)O[P@@]1(=O)OCC(C)(C)C[C@]1(C)O,0
unknown,CC(C)(O)/C=C/C(=O)[C@](C)(O)[C@H]1[C@H](O)C[C@]2(C)[C@@H]3CC=C4[C@@H](C[C@H](O)C(=O)C4(C)C)[C@]3(C)C(=O)C[C@]12C,1
unknown,CC(C)[C@@H](C)[C@@]1(C(=O)NC(N)=O)C[C@H](C)OC1=O,0
unknown,CC(C)[C@H]1C[C@@H](C)OC1=O,0
unknown,CC(C)c1ccc([C@@]2(C)OC[C@H](CO)O2)cc1,0
unknown,CC(C)c1ccc([C@@]2(C)O[C@@H](CO)CS2)cc1,0
unknown,CC(C)c1ccc([C@@]2(C)SC[C@@H](COC(N)=O)S2)cc1,0
unknown,CC/[GeH]=N/O,0
unknown,CC1(C)CC[C@]2(C(=O)O[C@@H]3O[C@H](CO)[C@@H](O)[C@H](O)[C@H]3O)CC[C@@]3(C)C(=CC[C@H]4[C@@]5(C)CC[C@@H](O[C@@H]6O[C@H](C(=O)O)[C@@H](O)[C@H](O)[C@H]6O[C@@H]6O[C@H](CO)[C@@H](O)[C@H](O)[C@H]6O)C(C)(C)[C@H]5CC[C@]43C)[C@H]2C1,0
unknown,CC1(C)CC[C@]2(C(=O)O[C@@H]3O[C@H](CO)[C@@H](O)[C@H](O)[C@H]3O)CC[C@@]3(C)C(=CC[C@H]4[C@@]5(C)CC[C@@H](O[C@H]6O[C@H](C(=O)O)[C@@H](O[C@@H]7O[C@@H](CO)[C@H](O)[C@H]7O)[C@H](O)[C@H]6O)C(C)(C)[C@H]5CC[C@]43C)[C@H]2C1,0
unknown,CC1(C)OC(=O)N(CC[C@@H](O)CO)C1=O,0
unknown,CC1(C)O[C@@H]2C(=O)[C@]34C[C@@H](CC[C@H]3[C@@](C)(O)[C@H]3[C@H]5O[C@@H]5C(C)(C)[C@@]23O1)[C@](C)(O)C4,1
unknown,CC1(C)SC[C@@H](COC(N)=O)S1,0
unknown,CC1(C)[C@H]2O[C@@H]2[C@@H]2[C@@]1(O)[C@H](O)C(=O)[C@]13C[C@@H](CC[C@@H]1[C@@]2(C)O)[C@](C)(O)C3,1
unknown,CCC1(CC)C(=O)NC(=O)N(C[C@@H](C)O)C1=O,0
unknown,CCC1(C[C@H](O)c2ccccc2)C(=O)NC(=O)NC1=O,0
unknown,CCC1(C[C@H](O)c2cccnc2)C(=O)NC(=O)NC1=O,0
unknown,CCCCC1(C)[C@@H](C#N)C(=O)NC(=O)[C@H]1C#N,1
unknown,CCCCCCC1(C)[C@@H](C#N)C(=O)NC(=O)[C@H]1C#N,1
unknown,CCCCCO[P@@]1(=O)OC(C)(C)C[C@]1(C)O,1
unknown,CCCCN(CCCC)C[C@@H](O)Cn1cnc2c1c(=O)n(C)c(=O)n2C,1
unknown,CCCCOC(=O)C[C@H]1NS(=O)(=O)c2ccccc21,0
unknown,CCCCO[P@@]1(=O)OC(C)(C)C[C@]1(C)O,0
unknown,CCCCOc1ccccc1OC[C@@H](O)CO,0
unknown,CCCOC(=O)C[C@H]1NS(=O)(=O)c2ccccc21,0
unknown,CCCO[C@@H]1CC1(Cl)Cl,1
unknown,CCCO[P@@]1(=O)OC(C)(C)C[C@]1(C)O,0
unknown,CCC[C@@H](COC(N)=O)[C@H](C)OC(N)=O,0
unknown,CCC[C@@H](C[C@H](C)OC(N)=O)OC(N)=O,0
unknown,CCC[C@@H](O)N(CN(CCCC(=O)O)C(=O)c1ccccc1)C1=NCCN1,1
unknown,CCC[C@@H]1N2CCCC[C@@H]2[C@@H]2c3c(c4ccccc4n3C)CCN21,0
unknown,CCC[C@@]1(c2ccccc2)O[C@@H](COC(N)=O)CS1,0
unknown,CCCn1c(=O)c2c(ncn2CCCC[C@@H](C)O)n(C)c1=O,1
unknown,CCN(CC)C(=O)[C@@]1(c2ccccc2)CCC(=O)O1,0
unknown,CCN(CC)C[C@@H](C)OC(=O)COc1ccc(Cl)cc1,1
unknown,CCN(CC)[C@H](C)COC(=O)COc1ccc(Cl)cc1,1
unknown,CCOC(=O)C[C@H]1NS(=O)(=O)c2ccccc21,0
unknown,CCOC[C@H](O)COc1ccccc1,0
unknown,CCO[P@@]1(=S)OC(C)(C)C[C@]1(C)O,1
unknown,CCOc1ccc(NC(=N\O)/C(C)=N/N)cc1,1
unknown,CC[C@@H](C)OC(=O)/C=C/c1ccccc1S(N)(=O)=O,0
unknown,CC[C@@H](C)OC(=O)C[C@H]1NS(=O)(=O)c2ccccc21,0
unknown,CC[C@@H](O)CN(CN(CCCC(=O)O)C(=O)c1ccccc1)C1=NCCN1,1
unknown,CC[C@H]1N2CCc3c(n(C)c4ccccc34)[C@@H]2[C@H]2CCCCN21,1
unknown,CC[C@H]1O[C@@H]2O[C@H](/C=C/C=C/C=C/c3oc(=O)cc(OC)c3C)[C@@H](O)[C@]2(C)[C@@]1(C)O,1
unknown,CN(C)[P@@]1(=O)OC(C)(C)C[C@]1(C)O,0
unknown,CN1CCC[C@@H]1CC(=O)c1ccccc1,1
unknown,CN1CCC[C@@H]1CC(=O)c1cccs1,1
unknown,CN1CC[C@H]2CCC[C@H](NC(=O)c3ccc(Cl)c(Cl)c3)[C@@H]2C1,1
unknown,CN1CC[C@H]2CCC[C@H](NC(=O)c3ccc(Cl)c(Cl)c3)[C@H]2C1,1
unknown,CN1CC[C@H]2CCC[C@H](NC(=O)c3ccc(Cl)cc3)[C@@H]2C1,1
unknown,CN1CC[C@H]2CCC[C@H](NC(=O)c3ccc(Cl)cc3)[C@H]2C1,1
unknown,CN1CC[C@H]2CCC[C@H](NC(=O)c3ccccc3)[C@@H]2C1,1
unknown,CN1CC[C@H]2CCC[C@H](NC(=O)c3ccccc3)[C@H]2C1,1
unknown,CN1[C@H]2CC[C@H]1CC(OC(=O)COc1ccc(Cl)cc1)C2,1
unknown,CNC(=O)[C@@H]1N=C(c2ccccc2)c2cc(Cl)ccc2NC1=O,1
unknown,COC(=O)C[C@H]1NS(=O)(=O)c2ccccc21,0
unknown,COC(=O)[C@H]1[C@@H]2C[C@@H]3c4[nH]c5ccccc5c4CCN3C[C@H]2C[C@@H](OC(=O)c2cc(OC)c(OC)c(OC)c2)[C@@H]1OC,1
unknown,COC(=O)[C@](F)(Br)C(F)(F)C(F)(F)F,1
unknown,COC/C=C1/CN2[C@H]3C[C@]45C(=Nc6c(OC)cc(OC)c(OC)c64)OC[C@H]3[C@H]1C[C@H]25,1
unknown,CO[C@H]1C[C@@H]2C=CC[C@@H](C[C@H](OC)[C@@]3(CO3)[C@@H](OC)C[C@@H](OC)[C@H](C)[C@@H]([C@@H](C)[C@@H](O)[C@@H](C)CCC(=O)[C@H](C)[C@H](OC)[C@H](C)/C=C/N(C)C=O)OC(=O)C=CC(C)=C[C@@H]1O)O2,1
unknown,CO[C@](F)(Br)C(Br)(C(F)(F)F)C(F)(F)F,1
unknown,COc1cc(C(=O)N[C@H]2CCC[C@@H]3CCN(C)C[C@@H]23)cc(OC)c1OC,1
unknown,COc1cc(C(=O)N[C@H]2CCC[C@@H]3CCN(C)C[C@H]23)cc(OC)c1OC,1
unknown,COc1cc(OC)cc(OC[C@@H](O)CO)c1,0
unknown,COc1ccc(/N=C(NO)/C(C)=N/N)cc1,1
unknown,COc1ccc(C(=O)N[C@H]2CCC[C@@H]3CCN(C)C[C@@H]23)cc1,1
unknown,COc1ccc(C(=O)N[C@H]2CCC[C@@H]3CCN(C)C[C@@H]23)cc1OC,0
unknown,COc1ccc(C(=O)N[C@H]2CCC[C@@H]3CCN(C)C[C@H]23)cc1,1
unknown,COc1ccc(C(=O)N[C@H]2CCC[C@@H]3CCN(C)C[C@H]23)cc1OC,0
unknown,COc1cccc(OC[C@@](C)(O)CO)c1,0
unknown,COc1ccccc1C(=O)N[C@H]1CCC[C@@H]2CCN(C)C[C@@H]12,1
unknown,COc1ccccc1C(=O)N[C@H]1CCC[C@@H]2CCN(C)C[C@H]12,1
unknown,COc1ccccc1OC[C@H](O)COC(=O)c1cccnc1,0
unknown,CS[C@@H](NC(=O)c1ccccc1)C(N)=O,0
unknown,C[C@@H](O)C[C@@H](O)Cc1ccoc1,1
unknown,C[C@@H]1N2CCc3c(n(C)c4ccccc34)[C@@H]2[C@H]2CCCCN12,1
unknown,C[C@@H]1O[C@]12C[C@@H](C)[C@@](C)(O)C(=O)OCC1=CCN(C)CC[C@@H](OC2=O)C1=O,0
unknown,C[C@@H]1[C@H]2C3=CC[C@H]4[C@]5(C)CC[C@H](O)C(C)(C)[C@@H]5CC[C@@]4(C)[C@]3(C(=O)O)CC[C@]2(C(=O)O)CC[C@H]1C,1
unknown,C[C@@]1([C@H](Br)[C@H](Br)c2ccccc2)NC(=O)N(CN2CCOCC2)C1=O,0
unknown,C[C@H](CN(C)C)OC(=O)COc1ccc(Cl)cc1,0
unknown,C[C@H](CO)n1nc(-c2ccccc2)ccc1=O,1
unknown,C[C@H]1CC[C@@H]2CN(CCO)C[C@H]2C1,1
unknown,C[C@H]1CC[C@@H]2[C@@H](C)[C@H]3[C@@H](C[C@@H]4[C@@H]5CC=C6C[C@@H](O[C@@H]7O[C@H](CO)[C@@H](O[C@@H]8O[C@H](C)[C@H](O)[C@@H](O)[C@H]8O)[C@H](O)[C@H]7O[C@@H]7O[C@@H](C)[C@@H](O)[C@@H](O)[C@H]7O)CC[C@@]6(C)[C@H]5CC[C@]43C)N2C1,1
unknown,C[C@H]1CC[C@H]2[C@@H](C)[C@H]3[C@H](C[C@H]4[C@@H]5CC=C6C[C@@H](O[C@@H]7O[C@H](CO)[C@H](O)[C@H](O[C@@H]8O[C@H](CO)[C@@H](O)[C@H](O)[C@H]8O)[C@H]7O[C@H]7O[C@@H](C)[C@H](O)[C@@H](O)[C@H]7O)CC[C@]6(C)[C@@H]5CC[C@@]43C)N2C1,1
unknown,C[C@H]1CO[C@](C)(c2ccc(Cl)cc2)O1,0
unknown,C[C@H]1SC2(CCN(C(=O)[C@H]3COc4ccccc4O3)CC2)N(c2ccccc2)C1=O,1
unknown,C[C@]1(N2CCCCC2)C(=O)Nc2ccccc21,1
unknown,C[C@]1(c2ccccc2)OC[C@H](COC(N)=O)O1,0
unknown,Cc1cc(C)c([C@@]2(C)OC[C@@H](COC(N)=O)O2)c(C)c1,0
unknown,Cc1ccc(C[C@H](CO)N2CCCCC2)cc1,1
unknown,Cc1ccc(OC[C@@](C)(O)CO)cc1,0
unknown,Cc1ccc(S(=O)(=O)NC(=O)N2C[C@@H]3CC[C@@](C)(C2)C3(C)C)cc1,0
unknown,Cc1cccc(C)c1N1C(=O)C[C@H](N2C(=O)CCC2=O)C1=O,1
unknown,Cc1cccc(N2C(=O)C[C@H](N3C(=O)CCC3=O)C2=O)c1,0
unknown,Cc1cccc(OC[C@@](C)(O)CO)c1,0
unknown,Cc1ccccc1OC[C@@H](COC(=O)c1cccnc1)OC(=O)c1cccnc1,0
unknown,Cc1nc2ccccc2c(=O)n1[C@H]1CCC(=O)N(c2ccc(C(=O)O)cc2)C1=O,1
unknown,Clc1ccc(N2N=NC[C@H]2c2ccncc2)cc1,0
unknown,Cn1c(=O)c2c(ncn2CC[S@@](=O)Cc2ccccc2)n(C)c1=O,1
unknown,Cn1c(=O)c2c(ncn2C[C@H](O)CN(Cc2ccccc2)Cc2ccccc2)n(C)c1=O,1
unknown,Cn1c2c(c3ccccc31)CCN1CN3CCCC[C@@H]3[C@H]21,1
unknown,Cn1c2c(c3ccccc31)CCN1[C@@H]2[C@H]2CCCCN2[C@H]1c1ccccc1,1
unknown,Cn1c2c(c3ccccc31)CCN[C@@H]2[C@H]1CCCCN1,1
unknown,NC(=O)NC(=O)[C@@H]1CC(=O)O[C@@H]1c1ccccc1,0
unknown,NC(=O)NC(=O)[C@]1(c2ccccc2)CCC(=O)O1,0
unknown,NC(=O)OC[C@@H](O)COc1ccc2c(c1)CCCC2,0
unknown,NC(=O)OC[C@@H]1CSC2(CCCCCC2)S1,0
unknown,NC(=O)OC[C@@H]1CSC2(CCCCCCCCCCC2)S1,0
unknown,NC(=O)OC[C@@H]1CSCC2(CCCC2)O1,0
unknown,NC(=O)[C@@H]1CC(=O)O[C@@H]1c1ccccc1,0
unknown,NC(=O)[C@@]1(c2ccccc2)CCC(=O)O1,0
unknown,NC[C@]1(N)CCCCc2ccccc21,1
unknown,O.O.O.Oc1ccc2c3c1O[C@@H]1[C@@H](O)C=C[C@H]4[C@@H](C2)NCC[C@]314.Oc1ccc2c3c1O[C@@H]1[C@@H](O)C=C[C@H]4[C@@H](C2)NCC[C@]314,1
unknown,O=C(O[C@H]1CCN(Cc2ccccc2)C1)[C@@](O)(c1ccccc1)C1CCCC1,1
unknown,O=C1CS[C@H](c2ccc(Cl)cc2)N1n1c(-c2ccccc2)nc2ccccc2c1=O,1
unknown,O=C1CS[C@H](c2ccc(O)cc2)N1n1c(-c2ccccc2)nc2ccccc2c1=O,0
unknown,O=C1C[C@H](N2C(=O)CCC2=O)C(=O)N1c1ccccc1,0
unknown,O=C1C[C@H](N2C(=O)c3ccccc3C2=O)C(=O)N1c1ccccc1,1
unknown,O=C1[C@H]2CC=CC[C@H]2C(=O)N1C1CCC(OCCN2CCCC2)CC1,1
unknown,O=c1oc2ccc(Cl)cc2n1[C@@H](c1ccccc1)N1CCCCC1,1
unknown,OCC[C@@H](c1ccco1)N1CCCCC1,1
unknown,OC[C@H]1O[C@@H](n2ccc3c(O)ncnc32)[C@H](O)[C@H]1O,1
unknown,c1ccc2c(c1)OC[C@H](CN1CCCCCCC1)O2,1
unknown,C[C@H]1CC[C@H]2CN(C3CCCCC3)C[C@H]2C1,1
